parent_taxon_id,taxon_id,rank_level,leaf_class_id,iconic_class_id,spatial_class_id,spatial_threshold,name
,1,70,,,1716,,Animalia
1,2,60,,,1028,,Chordata
2,355675,57,,,1356,,Vertebrata
355675,3,50,,,1363,,Aves
3,573,40,,,1650,,Galliformes
573,574,30,,,511,,Phasianidae
574,905,20,,,931,,Meleagris
905,906,10,140,5,140,0.040420607,Meleagris gallopavo
3,2708,40,,,1802,,Columbiformes
2708,2715,30,,,684,,Columbidae
2715,3438,20,,,1904,,Zenaida
3438,3454,10,442,5,442,0.009106035,Zenaida macroura
3,6888,40,,,1173,,Anseriformes
6888,6912,30,,,1436,,Anatidae
6912,6922,20,,,948,,Anas
6922,6930,10,188,5,188,0.000018794624,Anas platyrhynchos
6912,7086,20,,,1517,,Branta
7086,7089,10,265,5,265,0.014597085,Branta canadensis
3,7251,40,,,1542,,Passeriformes
7251,7823,30,,,1069,,Corvidae
7823,7998,20,,,814,,Corvus
7998,8010,10,134,5,134,0.022129422,Corvus corax
7998,8021,10,64,5,64,0.012502415,Corvus brachyrhynchos
7823,8228,20,,,1526,,Cyanocitta
8228,8229,10,8,5,8,0.02410456,Cyanocitta cristata
7251,9079,30,,,1294,,Fringillidae
9079,144410,20,,,1443,,Spinus
144410,145310,10,403,5,403,0.008850852,Spinus tristis
9079,199910,20,,,1076,,Haemorhous
199910,199840,10,413,5,413,0.009575671,Haemorhous mexicanus
7251,11853,30,,,1943,,Hirundinidae
11853,11880,20,,,1625,,Hirundo
11880,11901,10,104,5,104,0.010623338,Hirundo rustica
7251,11989,30,,,1946,,Icteridae
11989,9599,20,,,1616,,Quiscalus
9599,9607,10,13,5,13,0.021043045,Quiscalus mexicanus
11989,9740,20,,,1013,,Agelaius
9740,9744,10,25,5,25,0.008547741,Agelaius phoeniceus
7251,13547,30,,,1840,,Paridae
13547,13548,20,,,1368,,Parus
13548,203153,10,200,5,200,0.015612238,Parus major
7251,13685,30,,,607,,Passeridae
13685,13847,20,,,1318,,Passer
13847,13858,10,300,5,300,0.0025439796,Passer domesticus
7251,14841,30,,,1369,,Sturnidae
14841,14842,20,,,1034,,Sturnus
14842,14850,10,137,5,137,0.0037115263,Sturnus vulgaris
7251,15977,30,,,1467,,Turdidae
15977,12705,20,,,1054,,Turdus
12705,12716,10,97,5,97,0.010422754,Turdus merula
12705,12727,10,126,5,126,0.017246382,Turdus migratorius
7251,59911,30,,,630,,Mimidae
59911,14877,20,,,709,,Mimus
14877,14886,10,63,5,63,0.0039760843,Mimus polyglottos
7251,71305,30,,,1149,,Cardinalidae
71305,9080,20,,,1639,,Cardinalis
9080,9083,10,448,5,448,0.020431781,Cardinalis cardinalis
7251,71349,30,,,1915,,Parulidae
71349,10246,20,,,1615,,Setophaga
10246,145245,10,302,5,302,0.011928665,Setophaga coronata
7251,559248,30,,,698,,Passerellidae
559248,9091,20,,,874,,Melospiza
9091,9100,10,506,5,506,0.014853709,Melospiza melodia
559248,10093,20,,,1406,,Junco
10093,10094,10,439,5,439,0.026128445,Junco hyemalis
3,17550,40,,,1663,,Piciformes
17550,17599,30,,,967,,Picidae
17599,792976,20,,,1714,,Dryobates
792976,792988,10,158,5,158,0.020104006,Dryobates pubescens
3,67566,40,,,1370,,Pelecaniformes
67566,4929,30,,,1128,,Ardeidae
4929,597395,27,,,1120,,Ardeinae
597395,4933,20,,,1832,,Egretta
4933,4940,10,283,5,283,0.014738623,Egretta thula
597395,4950,20,,,654,,Ardea
4950,4954,10,216,5,216,0.013579448,Ardea cinerea
4950,4956,10,20,5,20,0.009000464,Ardea herodias
4950,144455,10,486,5,486,0.0010279141,Ardea alba
3,71261,40,,,1391,,Accipitriformes
71261,5067,30,,,614,,Accipitridae
5067,1542783,27,,,533,,Buteoninae
1542783,5179,20,,,692,,Buteo
5179,5212,10,298,5,298,0.0069484394,Buteo jamaicensis
1542783,5303,20,,,1060,,Haliaeetus
5303,5305,10,313,5,313,0.0298882,Haliaeetus leucocephalus
71261,200958,30,,,1557,,Pandionidae
200958,71725,20,,,677,,Pandion
71725,116999,10,498,5,498,0.0018618939,Pandion haliaetus
3,71268,40,,,671,,Suliformes
71268,4262,30,,,887,,Phalacrocoracidae
4262,1289332,20,,,1359,,Nannopterum
1289332,1454382,10,220,5,220,0.008799044,Nannopterum auritum
3,559244,40,,,1472,,Cathartiformes
559244,71306,30,,,1082,,Cathartidae
71306,4755,20,,,1931,,Cathartes
4755,4756,10,66,5,66,0.017882941,Cathartes aura
355675,20978,50,,,636,,Amphibia
20978,20979,40,,,1641,,Anura
20979,21359,30,,,655,,Bufonidae
21359,21360,20,,,1928,,Bufo
21360,326296,10,417,9,417,0.06661366,Bufo bufo
21359,64747,20,,,1212,,Anaxyrus
64747,64968,10,407,9,407,0.051370695,Anaxyrus americanus
20979,23540,30,,,1905,,Hylidae
23540,787592,27,,,1717,,Hylinae
787592,24253,20,,,1183,,Pseudacris
24253,24259,10,207,9,207,0.051155113,Pseudacris regilla
20979,25473,30,,,1742,,Ranidae
25473,25474,20,,,1360,,Rana
25474,25591,10,47,9,47,0.03373236,Rana temporaria
25473,60340,20,,,809,,Lithobates
60340,65979,10,441,9,441,0.018116696,Lithobates catesbeianus
60340,65982,10,391,9,391,0.05136565,Lithobates clamitans
20978,26718,40,,,1894,,Caudata
26718,26909,30,,,799,,Plethodontidae
26909,787551,27,,,1439,,Plethodontinae
787551,27135,20,,,801,,Plethodon
27135,27186,10,226,9,226,0.04615776,Plethodon cinereus
355675,26036,50,,,1855,,Reptilia
26036,26039,40,,,1672,,Crocodylia
26039,121038,30,,,1384,,Alligatoridae
121038,26154,20,,,1290,,Alligator
26154,26159,10,171,8,171,0.051983,Alligator mississippiensis
26036,26172,40,,,767,,Squamata
26172,85552,37,,,826,,Sauria
85552,35278,30,,,754,,Iguanidae
35278,35341,20,,,964,,Iguana
35341,35342,10,356,8,356,0.05546257,Iguana iguana
85552,35360,30,,,1354,,Lacertidae
35360,1118992,27,,,1908,,Lacertinae
1118992,35526,20,,,1913,,Podarcis
35526,55990,10,55,8,55,0.026276346,Podarcis muralis
85552,36074,30,,,1102,,Phrynosomatidae
36074,797562,27,,,1948,,Sceloporinae
797562,36141,20,,,579,,Sceloporus
36141,36204,10,330,8,330,0.08168334,Sceloporus occidentalis
85552,36982,30,,,725,,Scincidae
36982,787700,27,,,1671,,Scincinae
787700,37763,20,,,1591,,Plestiodon
37763,73788,10,401,8,401,0.043842413,Plestiodon fasciatus
85552,200152,30,,,1240,,Anolidae
200152,36362,20,,,1737,,Anolis
36362,36514,10,290,8,290,0.020297363,Anolis carolinensis
36362,116461,10,253,8,253,0.0007219613,Anolis sagrei
85552,371057,35,,,1190,,Gekkota
371057,33177,30,,,1126,,Gekkonidae
33177,34434,20,,,1863,,Hemidactylus
34434,34435,10,105,8,105,0.015150851,Hemidactylus turcicus
26172,85553,37,,,1515,,Serpentes
85553,26504,30,,,596,,Colubridae
26504,532896,27,,,1109,,Natricinae
532896,28339,20,,,1161,,Thamnophis
28339,28362,10,451,8,451,0.02917586,Thamnophis sirtalis
532896,28555,20,,,1790,,Storeria
28555,28562,10,363,8,363,0.030396193,Storeria dekayi
532896,29299,20,,,921,,Nerodia
29299,29305,10,494,8,494,0.0313299,Nerodia sipedon
26036,39532,40,,,1228,,Testudines
39532,39680,30,,,913,,Chelydridae
39680,39681,20,,,1297,,Chelydra
39681,39682,10,332,8,332,0.034777172,Chelydra serpentina
39532,39760,30,,,1824,,Emydidae
39760,797544,27,,,1169,,Deirochelyinae
797544,39770,20,,,1585,,Chrysemys
39770,39771,10,118,8,118,0.020619655,Chrysemys picta
797544,39776,20,,,1877,,Trachemys
39776,39782,10,32,8,32,0.0025879375,Trachemys scripta
355675,40151,50,,,923,,Mammalia
40151,848317,47,,,1394,,Theria
848317,848320,45,,,664,,Placentalia
848320,848323,43,,,937,,Euarchontoglires
848323,43094,40,,,978,,Lagomorpha
43094,43095,30,,,1934,,Leporidae
43095,43096,20,,,1222,,Sylvilagus
43096,43111,10,408,11,408,0.036192827,Sylvilagus floridanus
848323,43698,40,,,1858,,Rodentia
43698,129411,37,,,1468,,Sciuromorpha
129411,45933,30,,,526,,Sciuridae
45933,332614,27,,,838,,Sciurinae
332614,339575,25,,,1089,,Sciurini
339575,45994,20,,,1067,,Sciurus
45994,1431493,15,,,849,,Neosciurus
1431493,46017,10,277,11,277,0.034346335,Sciurus carolinensis
45994,1431496,15,,,625,,Parasciurus
1431496,46020,10,493,11,493,0.019653147,Sciurus niger
848320,848324,43,,,690,,Laurasiatheria
848324,41573,40,,,1184,,Carnivora
41573,41660,30,,,584,,Procyonidae
41660,41661,20,,,817,,Procyon
41661,41663,10,437,11,437,0.02286878,Procyon lotor
41573,42043,30,,,1499,,Canidae
42043,42044,20,,,1826,,Canis
42044,42051,10,467,11,467,0.017184164,Canis latrans
42043,42054,20,,,1745,,Vulpes
42054,42069,10,435,11,435,0.018694382,Vulpes vulpes
848324,152870,40,,,894,,Artiodactyla
152870,424850,37,,,983,,Ruminantia
424850,42158,30,,,1665,,Cervidae
42158,846185,27,,,1602,,Capreolinae
846185,846324,25,,,1906,,Odocoileini
846324,42219,20,,,1507,,Odocoileus
42219,42220,10,182,11,182,0.06196714,Odocoileus hemionus
42219,42223,10,505,11,505,0.0312681,Odocoileus virginianus
355675,47178,50,,,1897,,Actinopterygii
47178,47233,40,,,883,,Perciformes
47233,1303566,37,,,512,,Percoidei
1303566,48158,30,,,1796,,Percidae
48158,788529,27,,,1340,,Percinae
788529,58629,20,,,936,,Perca
58629,58627,10,40,7,40,0.0037146716,Perca flavescens
47178,47521,40,,,1973,,Salmoniformes
47521,1555655,37,,,1127,,Salmonoidei
1555655,47520,30,,,718,,Salmonidae
47520,342904,27,,,1045,,Salmoninae
342904,47519,20,,,990,,Salmo
47519,47518,10,169,7,169,0.0035961987,Salmo trutta
342904,47522,20,,,1867,,Oncorhynchus
47522,47516,10,183,7,183,0.0037980985,Oncorhynchus mykiss
342904,49597,20,,,1568,,Salvelinus
49597,49596,10,199,7,199,0.0076589272,Salvelinus fontinalis
47521,1555656,37,,,536,,Esocoidei
1555656,51369,30,,,562,,Esocidae
51369,1439611,27,,,713,,Esocinae
1439611,51370,20,,,621,,Esox
51370,55387,10,203,7,203,0.0045900997,Esox lucius
47178,49333,40,,,689,,Cyprinodontiformes
49333,1303581,37,,,845,,Cyprinodontoidei
1303581,59116,30,,,1397,,Poeciliidae
59116,788516,27,,,680,,Poeciliinae
788516,59117,20,,,759,,Gambusia
59117,59115,10,51,7,51,0.0023161154,Gambusia affinis
59117,101204,10,163,7,163,0.008111082,Gambusia holbrooki
47178,1303726,40,,,1719,,Acanthuriformes
1303726,83291,30,,,1051,,Zanclidae
83291,83292,20,,,620,,Zanclus
83292,83290,10,274,7,274,0.03746154,Zanclus cornutus
47178,1303731,40,,,1963,,Centrarchiformes
1303731,1303755,37,,,803,,Centrarchoidei
1303755,49588,30,,,1057,,Centrarchidae
49588,1303639,27,,,1655,,Lepominae
1303639,49589,20,,,1478,,Micropterus
49589,49590,10,167,7,167,0.0021468787,Micropterus dolomieu
49589,1546275,11,,,1250,,Micropterus salmoides
1546275,1439808,10,73,7,73,0.008797436,Micropterus nigricans
1303639,49592,20,,,1137,,Lepomis
49592,49591,10,415,7,415,0.0094171,Lepomis macrochirus
49592,49614,10,394,7,394,0.0071006627,Lepomis gibbosus
49592,58636,10,245,7,245,0.012755381,Lepomis cyanellus
49592,85365,10,15,7,15,0.012376526,Lepomis auritus
47178,1543570,43,,,1362,,Ostariophysi
1543570,49175,40,,,694,,Siluriformes
49175,1303579,37,,,1611,,Siluroidei
1303579,58655,30,,,875,,Ictaluridae
58655,81555,20,,,1624,,Ictalurus
81555,81554,10,436,7,436,0.005472269,Ictalurus punctatus
1543570,49216,40,,,1409,,Cypriniformes
49216,1303592,37,,,1609,,Cyprinoidei
1303592,49609,30,,,1947,,Cyprinidae
49609,607661,27,,,762,,Cyprininae
607661,53912,20,,,1428,,Cyprinus
53912,53911,10,109,7,109,0.00035395063,Cyprinus carpio
1303592,1303618,30,,,997,,Leuciscidae
1303618,1303668,27,,,991,,Plagopterinae
1303668,58667,20,,,517,,Semotilus
58667,58662,10,219,7,219,0.01572749,Semotilus atromaculatus
1,47115,60,,,518,,Mollusca
47115,47114,50,,,1887,,Gastropoda
47114,246139,47,,,786,,Caenogastropoda
246139,85525,40,,,1012,,Littorinimorpha
85525,482298,33,,,1691,,Littorinoidea
482298,48918,30,,,1518,,Littorinidae
48918,776332,27,,,520,,Littorininae
776332,48919,20,,,1681,,Littorina
48919,81606,10,10,4,10,0.0049014785,Littorina littorea
47114,551391,47,,,1177,,Heterobranchia
551391,775797,45,,,1248,,Euthyneura
775797,775800,44,,,1278,,Tectipleura
775800,775812,43,,,1703,,Eupulmonata
775812,47485,40,,,1892,,Stylommatophora
47485,781349,37,,,1105,,Helicina
781349,781350,35,,,1099,,Arionoidei
781350,487049,33,,,1605,,Arionoidea
487049,47778,30,,,1562,,Arionidae
47778,54582,20,,,1594,,Arion
54582,549546,15,,,685,,Mesarion
549546,61428,10,46,4,46,0.0006854701,Arion subfuscus
54582,549548,15,,,956,,Arion
549548,54583,10,361,4,361,0.004450547,Arion vulgaris
549548,82003,10,89,4,89,0.00660808,Arion ater
487049,629866,30,,,751,,Ariolimacidae
629866,916897,27,,,1372,,Ariolimacinae
916897,47777,20,,,1349,,Ariolimax
47777,47776,10,131,4,131,0.09893387,Ariolimax columbianus
781349,781352,35,,,830,,Helicoidei
781352,68625,33,,,790,,Helicoidea
68625,47484,30,,,870,,Helicidae
47484,906896,27,,,1158,,Helicinae
906896,906897,25,,,1159,,Helicini
906897,47483,20,,,834,,Helix
47483,61523,10,230,4,230,0.04389639,Helix pomatia
906896,910283,25,,,1274,,Allognathini
910283,48587,20,,,1063,,Cepaea
48587,48586,10,114,4,114,0.0074817217,Cepaea nemoralis
48587,51039,10,193,4,193,0.015481961,Cepaea hortensis
906896,910289,25,,,1572,,Thebini
910289,87634,20,,,1231,,Cornu
87634,480298,10,244,4,244,0.020104844,Cornu aspersum
910289,131834,20,,,1202,,Otala
131834,202861,10,136,4,136,0.007669612,Otala lactea
47484,906904,27,,,1707,,Ariantinae
906904,55618,20,,,1260,,Arianta
55618,55617,10,468,4,468,0.010889429,Arianta arbustorum
68625,85654,30,,,955,,Camaenidae
85654,781333,27,,,660,,Bradybaeninae
781333,955376,25,,,1569,,Bradybaenini
955376,172111,20,,,1171,,Bradybaena
172111,215409,10,110,4,110,0.0067755734,Bradybaena similaris
781349,781353,35,,,1803,,Limacoidei
781353,512198,33,,,1007,,Limacoidea
512198,62471,30,,,1345,,Limacidae
62471,933175,27,,,1949,,Limacinae
933175,62472,20,,,721,,Limax
62472,62470,10,78,4,78,0.010698501,Limax maximus
512198,322379,30,,,1106,,Agriolimacidae
322379,1105651,27,,,935,,Agriolimacinae
1105651,87902,20,,,569,,Deroceras
87902,124432,10,139,4,139,0.0012378342,Deroceras reticulatum
47485,781366,37,,,1766,,Achatinina
781366,781368,33,,,548,,Achatinoidea
781368,68421,30,,,1232,,Achatinidae
68421,829419,27,,,1599,,Achatininae
829419,1366715,25,,,902,,Achatinini
1366715,502884,20,,,1335,,Lissachatina
502884,502885,10,7,4,7,0.06560049,Lissachatina fulica
68421,1071364,27,,,613,,Rumininae
1071364,125670,20,,,1981,,Rumina
125670,125669,10,333,4,333,0.011190513,Rumina decollata
47115,47584,50,,,863,,Bivalvia
47584,1051154,47,,,1885,,Autobranchia
1051154,372769,45,,,871,,Pteriomorphia
372769,775839,40,,,1612,,Mytilida
775839,775840,33,,,1395,,Mytiloidea
775840,50600,30,,,1771,,Mytilidae
50600,871438,27,,,704,,Mytilinae
871438,62807,20,,,1666,,Mytilus
62807,62806,10,93,4,93,0.002380743,Mytilus californianus
1051154,1051155,45,,,1189,,Heteroconchia
1051155,551316,44,,,1332,,Euheterodonta
551316,551317,43,,,1864,,Imparidentia
551317,50586,40,,,578,,Venerida
50586,534851,33,,,1533,,Cyrenoidea
534851,534850,30,,,1891,,Cyrenidae
534850,64009,20,,,1279,,Corbicula
64009,64006,10,272,4,272,0.006493624,Corbicula fluminea
1,47120,60,,,840,,Arthropoda
47120,85493,57,,,768,,Crustacea
85493,473790,53,,,1462,,Multicrustacea
473790,47187,50,,,1530,,Malacostraca
47187,774775,47,,,942,,Eumalacostraca
774775,144113,43,,,1857,,Eucarida
144113,47186,40,,,1320,,Decapoda
47186,118451,37,,,1929,,Pleocyemata
118451,121639,35,,,651,,Brachyura
121639,706185,34,,,1825,,Eubrachyura
706185,447514,33,,,716,,Heterotremata
447514,49505,33,,,563,,Portunoidea
49505,49506,30,,,1265,,Portunidae
49506,773636,27,,,1153,,Portuninae
773636,49507,20,,,1702,,Callinectes
49507,49504,10,311,1,311,0.016995184,Callinectes sapidus
49505,773604,30,,,611,,Carcinidae
773604,1067048,27,,,1570,,Carcininae
1067048,52524,20,,,1733,,Carcinus
52524,52523,10,372,1,372,0.03635799,Carcinus maenas
706185,706188,33,,,987,,Thoracotremata
706188,47191,33,,,1659,,Grapsoidea
47191,47190,30,,,649,,Grapsidae
47190,47189,20,,,570,,Pachygrapsus
47189,47188,10,450,1,450,0.024339495,Pachygrapsus crassipes
706188,51931,33,,,1400,,Ocypodoidea
51931,51932,30,,,1150,,Ocypodidae
51932,447039,27,,,1118,,Ocypodinae
447039,53738,20,,,818,,Ocypode
53738,53875,10,1,1,1,0.030757904,Ocypode quadrata
118451,311310,35,,,1141,,Astacidea
311310,47783,33,,,952,,Astacoidea
47783,47782,30,,,1532,,Cambaridae
47782,51222,20,,,1933,,Procambarus
51222,51221,10,430,1,430,0.0032281748,Procambarus clarkii
774775,144114,43,,,973,,Peracarida
144114,48147,40,,,1308,,Isopoda
48147,84718,37,,,1346,,Oniscidea
84718,343783,35,,,733,,Holoverticata
343783,343798,34,,,1558,,Crinocheta
343798,48291,30,,,1775,,Oniscidae
48291,48290,20,,,1077,,Oniscus
48290,48284,10,359,1,359,0.0093094185,Oniscus asellus
343798,48294,30,,,1503,,Philosciidae
48294,48293,20,,,1502,,Philoscia
48293,48292,10,77,1,77,0.008848434,Philoscia muscorum
343798,48296,30,,,1361,,Armadillidiidae
48296,48295,20,,,1583,,Armadillidium
48295,56083,10,465,1,465,0.005772688,Armadillidium vulgare
343798,122239,30,,,1882,,Porcellionidae
122239,122240,20,,,1509,,Porcellio
122240,122238,10,335,1,335,0.000016539529,Porcellio scaber
47120,144128,57,,,1676,,Myriapoda
144128,47735,50,,,1022,,Diplopoda
47735,551278,47,,,1377,,Chilognatha
551278,372763,45,,,1652,,Helminthomorpha
372763,997267,44,,,1039,,Eugnatha
997267,372784,43,,,982,,Merocheta
372784,47734,40,,,1835,,Polydesmida
47734,841312,37,,,765,,Strongylosomatidea
841312,132949,30,,,1893,,Paradoxosomatidae
132949,840566,27,,,1660,,Paradoxosomatinae
840566,843658,25,,,1683,,Sulciferini
843658,143392,20,,,753,,Oxidus
143392,143390,10,84,1,84,0.0014148038,Oxidus gracilis
144128,49556,50,,,1413,,Chilopoda
49556,49553,40,,,1268,,Scutigeromorpha
49553,49554,30,,,1460,,Scutigeridae
49554,49555,20,,,1739,,Scutigera
49555,49552,10,341,1,341,0.0014928174,Scutigera coleoptrata
47120,245097,57,,,555,,Chelicerata
245097,47119,50,,,1168,,Arachnida
47119,47118,40,,,1930,,Araneae
47118,120474,37,,,1647,,Araneomorphae
120474,342614,35,,,975,,Entelegynae
342614,319384,33,,,1853,,Araneoidea
319384,47535,30,,,1198,,Araneidae
47535,417879,27,,,663,,Araneinae
417879,52629,20,,,793,,Araneus
52629,52628,10,371,2,371,0.022296473,Araneus diadematus
417879,85035,20,,,1216,,Neoscona
85035,85034,10,102,2,102,0.004822162,Neoscona crucifera
47535,1004909,27,,,797,,Gasteracanthinae
1004909,49541,20,,,1635,,Gasteracantha
49541,49540,10,305,2,305,0.04680505,Gasteracantha cancriformis
47535,1004912,27,,,1307,,Argiopinae
1004912,47552,20,,,615,,Argiope
47552,50867,10,35,2,35,0.021995477,Argiope bruennichi
47552,67706,10,390,2,390,0.069464654,Argiope argentata
47552,67707,10,462,2,462,0.01722519,Argiope aurantia
319384,1492653,30,,,1156,,Nephilidae
1492653,904332,20,,,1754,,Trichonephila
904332,904336,10,173,2,173,0.06779391,Trichonephila clavipes
342614,367176,33,,,1822,,Thomisoidea
367176,47866,30,,,693,,Thomisidae
47866,1472437,27,,,1164,,Thomisinae
1472437,1472438,25,,,1226,,Misumenini
1472438,55747,20,,,1756,,Misumena
55747,55746,10,342,2,342,0.014222747,Misumena vatia
342614,367200,33,,,901,,Salticoidea
367200,48139,30,,,1690,,Salticidae
48139,606933,27,,,1449,,Salticinae
606933,712034,25,,,1484,,Dendryphantini
712034,1109042,24,,,1383,,Marpissina
1109042,81840,20,,,1910,,Platycryptus
81840,81839,10,57,2,57,0.025664061,Platycryptus undatus
712034,1109044,24,,,1283,,Dendryphantina
1109044,53810,20,,,836,,Phidippus
53810,1362557,11,,,586,,Phidippus audax
1362557,53809,10,452,2,452,0.0027150216,Phidippus audax
606933,712082,25,,,819,,Salticini
712082,68910,20,,,1167,,Salticus
68910,68901,10,229,2,229,0.0032372908,Salticus scenicus
342614,1529315,34,,,1622,,Rta clade
1529315,1529320,33,,,1919,,Oval calamistrum clade
1529320,367161,33,,,1731,,Lycosoidea
367161,55788,30,,,1758,,Pisauridae
55788,55789,20,,,647,,Pisaura
55789,55787,10,344,2,344,0.0120469,Pisaura mirabilis
120474,367158,35,,,544,,Haplogynae
367158,1528408,34,,,723,,Synspermiata
1528408,367163,33,,,1009,,Pholcoidea
367163,47823,30,,,1511,,Pholcidae
47823,1471930,27,,,626,,Pholcinae
1471930,67329,20,,,598,,Pholcus
67329,67328,10,3,2,3,0.000067056295,Pholcus phalangioides
47119,47367,40,,,1217,,Opiliones
47367,372840,37,,,1019,,Eupnoi
372840,61350,33,,,1471,,Phalangioidea
61350,57409,30,,,1841,,Phalangiidae
57409,429497,27,,,1900,,Phalangiinae
429497,61487,20,,,1341,,Phalangium
61487,84644,10,426,2,426,0.0066143116,Phalangium opilio
245097,48309,50,,,1496,,Merostomata
48309,246165,40,,,962,,Xiphosurida
246165,326110,30,,,1610,,Limulidae
326110,472330,27,,,919,,Limulinae
472330,326113,20,,,1561,,Limulus
326113,48302,10,125,1,125,0.018068628,Limulus polyphemus
47120,372739,57,,,558,,Hexapoda
372739,47158,50,,,1287,,Insecta
47158,184884,47,,,514,,Pterygota
184884,47157,40,,,676,,Lepidoptera
47157,47214,33,,,1811,,Bombycoidea
47214,47213,30,,,687,,Sphingidae
47213,124071,27,,,1366,,Macroglossinae
124071,124065,25,,,949,,Macroglossini
124065,124050,24,,,1566,,Macroglossina
124050,56294,20,,,1513,,Macroglossum
56294,56293,10,297,0,297,0.01372536,Macroglossum stellatarum
124065,124055,24,,,1447,,Choerocampina
124055,49349,20,,,1525,,Hyles
49349,49348,10,107,0,107,0.0046119117,Hyles lineata
47214,47918,30,,,1967,,Saturniidae
47918,124126,27,,,1898,,Saturniinae
124126,125080,25,,,1871,,Saturniini
125080,47917,20,,,644,,Actias
47917,47916,10,258,0,258,0.027027968,Actias luna
125080,47920,20,,,829,,Antheraea
47920,47919,10,4,0,4,0.015431085,Antheraea polyphemus
47157,47224,33,,,823,,Papilionoidea
47224,47223,30,,,1922,,Papilionidae
47223,49973,27,,,1491,,Papilioninae
49973,49974,25,,,581,,Troidini
49974,522893,24,,,1626,,Battina
522893,49975,20,,,898,,Battus
49975,49972,10,249,0,249,0.017562086,Battus philenor
49973,207785,25,,,1464,,Papilionini
207785,47225,20,,,1008,,Papilio
47225,545183,15,,,1869,,Papilio
545183,56529,10,412,0,412,0.023428218,Papilio machaon
545183,58523,10,374,0,374,0.02247975,Papilio polyxenes
47225,545186,15,,,1415,,Pterourus
545186,58525,10,303,0,303,0.043922715,Papilio troilus
545186,60551,10,12,0,12,0.039433073,Papilio glaucus
207785,883401,20,,,1412,,Heraclides
883401,85024,10,49,0,49,0.009454747,Heraclides cresphontes
47224,47653,30,,,1688,,Hesperiidae
47653,122493,27,,,1344,,Hesperiinae
122493,320552,25,,,1258,,Hesperiini
320552,1363159,24,,,1969,,Hesperiina
1363159,50341,20,,,1907,,Hylephila
50341,50340,10,339,0,339,0.013257242,Hylephila phyleus
1363159,52077,20,,,1628,,Atalopedes
52077,1455248,10,350,0,350,0.010435918,Atalopedes huron
1363159,55786,20,,,1422,,Ochlodes
55786,61781,10,79,0,79,0.012124361,Ochlodes sylvanus
1363159,58504,20,,,1172,,Polites
58504,1363170,15,,,1753,,Polites
1363170,133631,10,30,0,30,0.020651495,Polites peckius
1363159,1081313,20,,,531,,Lon
1081313,1081329,10,284,0,284,0.023312375,Lon zabulon
320552,1363197,24,,,1389,,Thymelicina
1363197,58493,20,,,1300,,Thymelicus
58493,58484,10,18,0,18,0.011644979,Thymelicus lineola
47653,320509,27,,,610,,Eudaminae
320509,1070950,25,,,1442,,Eudamini
1070950,1456838,24,,,1961,,Eudamina
1456838,81560,20,,,1133,,Epargyreus
81560,81559,10,153,0,153,0.02659396,Epargyreus clarus
47224,47922,30,,,822,,Nymphalidae
47922,58597,27,,,742,,Satyrinae
58597,58598,25,,,1924,,Satyrini
58598,58599,24,,,1291,,Lethina
58599,52593,20,,,1407,,Pararge
52593,52592,10,178,0,178,0.016228013,Pararge aegeria
58599,89353,20,,,735,,Lasiommata
89353,147298,10,48,0,48,0.012483256,Lasiommata megera
58598,202100,24,,,1903,,Coenonymphina
202100,52590,20,,,1713,,Coenonympha
52590,52589,10,424,0,424,0.007158273,Coenonympha pamphilus
58598,208488,24,,,1805,,Maniolina
208488,55654,20,,,1838,,Maniola
55654,55653,10,352,0,352,0.025986174,Maniola jurtina
208488,62427,20,,,1772,,Aphantopus
62427,62426,10,387,0,387,0.017843457,Aphantopus hyperantus
58598,208491,24,,,1446,,Melanargiina
208491,89828,20,,,534,,Melanargia
89828,130398,10,360,0,360,0.037163306,Melanargia galathea
47922,60854,27,,,1944,,Heliconiinae
60854,134168,25,,,537,,Argynnini
134168,68246,20,,,1564,,Euptoieta
68246,68244,10,362,0,362,0.0166762,Euptoieta claudia
134168,1117856,20,,,1214,,Argynnis
1117856,1456549,15,,,1592,,Speyeria
1456549,1456562,10,166,0,166,0.022265514,Argynnis cybele
1117856,1456550,15,,,1636,,Argynnis
1456550,123628,10,142,0,142,0.011833527,Argynnis paphia
60854,134173,25,,,1926,,Heliconiini
134173,130349,20,,,1144,,Dione
130349,49151,15,,,1633,,Agraulis
49151,49150,10,420,0,420,0.05473671,Dione vanillae
47922,61244,27,,,1110,,Danainae
61244,134169,25,,,1535,,Danaini
134169,522900,24,,,882,,Danaina
522900,48663,20,,,1041,,Danaus
48663,48662,10,91,0,91,0.019933376,Danaus plexippus
48663,1248776,15,,,1266,,Anosia
1248776,51743,10,92,0,92,0.026195133,Danaus gilippus
47922,85868,27,,,1353,,Libytheinae
85868,58562,20,,,1727,,Libytheana
58562,58561,10,185,0,185,0.010633617,Libytheana carinenta
47922,134166,27,,,1357,,Apaturinae
134166,58588,20,,,1203,,Asterocampa
58588,68264,10,376,0,376,0.030773358,Asterocampa celtis
47922,134171,27,,,1165,,Limenitidinae
134171,134175,25,,,1046,,Limenitidini
134175,50881,20,,,546,,Limenitis
50881,58586,10,459,0,459,0.011231548,Limenitis archippus
47922,202067,27,,,957,,Nymphalinae
202067,130316,25,,,1132,,Melitaeini
130316,52924,20,,,1219,,Phyciodes
52924,52925,10,484,0,484,0.008889856,Phyciodes tharos
202067,202066,25,,,1644,,Nymphalini
202066,48507,20,,,1343,,Vanessa
48507,48548,10,491,0,491,0.0076062293,Vanessa cardui
48507,48549,10,496,0,496,0.010375146,Vanessa virginiensis
48507,49133,10,423,0,423,0.007589256,Vanessa atalanta
202066,49921,20,,,1872,,Nymphalis
49921,56832,10,427,0,427,0.016304681,Nymphalis antiopa
202066,50392,20,,,1810,,Polygonia
50392,56225,10,206,0,206,0.013934205,Polygonia c-album
50392,58579,10,445,0,445,0.011568652,Polygonia interrogationis
202066,54469,20,,,810,,Aglais
54469,54468,10,160,0,160,0.027570436,Aglais urticae
54469,207977,10,379,0,379,0.030963497,Aglais io
202067,202068,25,,,1800,,Victorinini
202068,49764,20,,,656,,Anartia
49764,49761,10,87,0,87,0.04383905,Anartia jatrophae
202067,202224,25,,,1577,,Junoniini
202224,48506,20,,,853,,Junonia
48506,48505,10,263,0,263,0.01679955,Junonia coenia
47224,47923,30,,,1918,,Lycaenidae
47923,58558,27,,,1130,,Polyommatinae
58558,125833,25,,,629,,Polyommatini
125833,522677,24,,,1749,,Everina
522677,122380,20,,,1851,,Cupido
122380,122381,10,366,0,366,0.019829134,Cupido comyntas
125833,522678,24,,,1523,,Polyommatina
522678,55642,20,,,1006,,Polyommatus
55642,1468172,11,,,1336,,Polyommatus icarus
1468172,55641,10,388,0,388,0.023502098,Polyommatus icarus
125833,1265004,24,,,1481,,Lycaenopsina
1265004,52485,20,,,1075,,Celastrina
52485,55640,10,239,0,239,0.008352337,Celastrina argiolus
47923,125830,27,,,1489,,Theclinae
125830,125836,25,,,648,,Eumaeini
125836,1456505,24,,,1531,,Strymonina
1456505,50940,20,,,545,,Strymon
50940,50931,10,0,0,0,0.0023324161,Strymon melinus
47923,125835,27,,,950,,Lycaeninae
125835,125818,25,,,1720,,Lycaenini
125818,54010,20,,,1729,,Lycaena
54010,1360268,15,,,958,,Lycaena
1360268,55655,10,54,0,54,0.013134023,Lycaena phlaeas
47224,48508,30,,,529,,Pieridae
48508,119556,27,,,787,,Coliadinae
119556,48551,20,,,1196,,Phoebis
48551,48550,10,196,0,196,0.0075293756,Phoebis sennae
119556,52772,20,,,1329,,Gonepteryx
52772,52771,10,348,0,348,0.020373039,Gonepteryx rhamni
119556,58533,20,,,891,,Colias
58533,58531,10,62,0,62,0.0074392795,Colias philodice
58533,58532,10,406,0,406,0.011982555,Colias eurytheme
48508,209720,27,,,695,,Pierinae
209720,321384,25,,,1191,,Pierini
321384,475032,24,,,1510,,Pierina
475032,55690,20,,,1668,,Pieris
55690,54087,10,177,0,177,0.013957627,Pieris napi
55690,55401,10,254,0,254,0.012343202,Pieris brassicae
55690,55626,10,146,0,146,0.018105203,Pieris rapae
475032,59122,20,,,748,,Pontia
59122,59119,10,33,0,33,0.017261785,Pontia protodice
47157,47405,33,,,847,,Pterophoroidea
47405,47404,30,,,1142,,Pterophoridae
47404,127452,27,,,591,,Pterophorinae
127452,211075,25,,,848,,Oidaematophorini
211075,124599,20,,,1974,,Emmelina
124599,127431,10,454,0,454,0.000032303353,Emmelina monodactyla
47157,47607,33,,,1581,,Noctuoidea
47607,48670,30,,,1285,,Noctuidae
48670,122224,27,,,1271,,Noctuinae
122224,117747,25,,,1129,,Noctuini
117747,320201,24,,,1587,,Noctuina
320201,81688,20,,,1043,,Noctua
81688,81687,10,61,0,61,0.009756823,Noctua pronuba
122224,122731,25,,,1778,,Leucaniini
122731,121184,20,,,947,,Mythimna
121184,1257539,15,,,1117,,Pseudaletia
1257539,121183,10,138,0,138,0.0035672297,Mythimna unipuncta
48670,122455,27,,,1923,,Plusiinae
122455,62792,25,,,1236,,Plusiini
62792,124044,24,,,1328,,Plusiina
124044,55652,20,,,1053,,Autographa
55652,55651,10,70,0,70,0.008521297,Autographa gamma
48670,122465,27,,,1501,,Acronictinae
122465,55624,20,,,585,,Acronicta
55624,1096177,15,,,619,,Acronicta
1096177,1293501,13,,,741,,Acronicta americana
1293501,145659,10,315,0,315,0.011699746,Acronicta americana
47607,121850,30,,,774,,Erebidae
121850,47606,27,,,565,,Arctiinae
47606,82089,25,,,1326,,Arctiini
82089,82099,24,,,1536,,Callimorphina
82099,55695,20,,,1030,,Tyria
55695,51781,10,264,0,264,0.012199822,Tyria jacobaeae
82089,82113,24,,,1160,,Phaegopterina
82113,67692,20,,,1942,,Lophocampa
67692,82225,10,235,0,235,0.03767735,Lophocampa caryae
82113,81678,20,,,640,,Euchaetes
81678,81677,10,323,0,323,0.0102729695,Euchaetes egle
82113,120218,20,,,731,,Halysidota
120218,120217,10,433,0,433,0.018174348,Halysidota tessellaris
82089,123834,24,,,1938,,Spilosomina
123834,59676,20,,,1674,,Pyrrharctia
59676,59675,10,36,0,36,0.01216294,Pyrrharctia isabella
123834,60840,20,,,1837,,Spilosoma
60840,60839,10,6,0,6,0.015110703,Spilosoma virginica
123834,63030,20,,,776,,Hypercompe
63030,63028,10,144,0,144,0.015071652,Hypercompe scribonia
123834,121613,20,,,1726,,Estigmene
121613,121612,10,151,0,151,0.002857928,Estigmene acrea
123834,127135,20,,,1241,,Hyphantria
127135,127133,10,483,0,483,0.009723424,Hyphantria cunea
121850,48847,27,,,1087,,Lymantriinae
48847,82039,25,,,833,,Lymantriini
82039,48848,20,,,1000,,Lymantria
48848,1552378,15,,,1829,,Porthetria
1552378,47802,10,446,0,446,0.018915692,Lymantria dispar
48847,82042,25,,,1554,,Orgyiini
82042,49031,20,,,1485,,Orgyia
49031,81665,10,367,0,367,0.020474922,Orgyia leucostigma
121850,122426,27,,,1911,,Erebinae
122426,121562,25,,,778,,Thermesiini
121562,61504,20,,,1608,,Ascalapha
61504,61503,10,121,0,121,0.0022621353,Ascalapha odorata
121850,122457,27,,,893,,Hypeninae
122457,82202,20,,,1197,,Hypena
82202,118513,10,381,0,381,0.011712929,Hypena scabra
47157,49682,33,,,1052,,Pyraloidea
49682,52002,30,,,1925,,Crambidae
52002,122486,27,,,1738,,Spilomelinae
122486,892367,25,,,1027,,Margaroniini
892367,124803,20,,,1339,,Cydalima
124803,325295,10,471,0,471,0.024665618,Cydalima perspectalis
122486,928024,25,,,1298,,Udeini
928024,126764,20,,,1347,,Udea
126764,143615,10,410,0,410,0.00084863656,Udea rubigalis
47157,53552,33,,,631,,Yponomeutoidea
53552,124078,30,,,906,,Attevidae
124078,53554,20,,,1792,,Atteva
53554,116681,10,395,0,395,0.011472116,Atteva aurea
47157,56583,33,,,897,,Lasiocampoidea
56583,56584,30,,,1582,,Lasiocampidae
56584,1523519,27,,,1506,,Malacosominae
1523519,61786,20,,,1429,,Malacosoma
61786,81663,10,327,0,327,0.0066129235,Malacosoma disstria
61786,211100,10,458,0,458,0.008119339,Malacosoma americana
184884,47201,40,,,929,,Hymenoptera
47201,124417,37,,,1452,,Apocrita
124417,326777,35,,,1617,,Aculeata
326777,47222,33,,,1003,,Apoidea
47222,48742,30,,,1953,,Sphecidae
48742,470913,27,,,1595,,Sceliphrinae
470913,471021,25,,,1512,,Sceliphrini
471021,121822,20,,,1830,,Sceliphron
121822,121821,10,236,0,236,0.0045350855,Sceliphron caementarium
47222,630955,32,,,1269,,Anthophila
630955,47221,30,,,1757,,Apidae
47221,199939,27,,,816,,Apinae
199939,538883,25,,,595,,Bombini
538883,52775,20,,,820,,Bombus
52775,538890,15,,,686,,Cullumanobombus
538890,120215,10,117,0,117,0.029714849,Bombus griseocollis
52775,538900,15,,,1945,,Pyrobombus
538900,52779,10,472,0,472,0.03168114,Bombus bimaculatus
538900,57689,10,307,0,307,0.023362424,Bombus vosnesenskii
538900,118970,10,164,0,164,0.025804032,Bombus impatiens
52775,538902,15,,,855,,Thoracobombus
538902,55637,10,480,0,480,0.02286634,Bombus pascuorum
538902,56887,10,24,0,24,0.030946497,Bombus pensylvanicus
52775,538903,15,,,1845,,Bombus
538903,57516,10,218,0,218,0.0053378125,Bombus terrestris
199939,538904,25,,,1421,,Apini
538904,47220,20,,,1078,,Apis
47220,578086,15,,,1016,,Apis
578086,47219,10,495,0,495,0.000011401243,Apis mellifera
47221,244505,27,,,568,,Xylocopinae
244505,574159,25,,,1095,,Xylocopini
574159,51111,20,,,1330,,Xylocopa
51111,571260,15,,,1801,,Xylocopoides
571260,51110,10,320,0,320,0.042363737,Xylocopa virginica
630955,49707,30,,,1367,,Halictidae
49707,134106,27,,,1455,,Halictinae
134106,335597,25,,,1321,,Halictini
335597,57677,20,,,1223,,Halictus
57677,606646,15,,,804,,Odontalictus
606646,154298,10,377,0,377,0.0053680195,Halictus ligatus
326777,48740,33,,,1304,,Vespoidea
48740,52747,30,,,1755,,Vespidae
52747,84738,27,,,1563,,Vespinae
84738,52912,20,,,1259,,Dolichovespula
52912,52911,10,502,0,502,0.027676987,Dolichovespula maculata
84738,54328,20,,,535,,Vespa
54328,54327,10,28,0,28,0.02351953,Vespa crabro
84738,61356,20,,,1418,,Vespula
61356,119994,10,259,0,259,0.00499325,Vespula maculifrons
61356,126155,10,402,0,402,0.0098455185,Vespula germanica
52747,343248,27,,,895,,Polistinae
343248,638567,25,,,1479,,Polistini
638567,52756,20,,,1710,,Polistes
52756,789375,15,,,769,,Polistes
789375,84640,10,324,0,324,0.011784689,Polistes dominula
52756,789379,15,,,1779,,Fuscopolistes
789379,52757,10,338,0,338,0.008700278,Polistes fuscatus
326777,1269340,33,,,1769,,Formicoidea
1269340,47336,30,,,1200,,Formicidae
47336,69143,27,,,509,,Myrmicinae
69143,469106,25,,,1424,,Solenopsidini
469106,67597,20,,,1508,,Solenopsis
67597,1373022,11,,,915,,Solenopsis saevissima
1373022,67598,10,266,0,266,0.01178446,Solenopsis invicta
47336,244834,27,,,1889,,Formicinae
244834,334375,25,,,1643,,Camponotini
334375,62781,20,,,1358,,Camponotus
62781,519191,15,,,1528,,Camponotus
519191,129902,10,310,0,310,0.0125401495,Camponotus pennsylvanicus
184884,47208,40,,,864,,Coleoptera
47208,71130,37,,,1108,,Polyphaga
71130,372852,35,,,525,,Cucujiformia
372852,176269,33,,,666,,Chrysomeloidea
176269,51146,30,,,1220,,Chrysomelidae
51146,245843,27,,,516,,Galerucinae
245843,373841,25,,,1025,,Luperini
373841,461899,24,,,1880,,Diabroticina
461899,55488,20,,,932,,Diabrotica
55488,55487,10,276,0,276,0.009266008,Diabrotica undecimpunctata
372852,471714,33,,,710,,Coccinelloidea
471714,48486,30,,,1458,,Coccinellidae
48486,333790,27,,,1411,,Coccinellinae
333790,333796,25,,,1865,,Coccinellini
333796,48487,20,,,1675,,Harmonia
48487,48484,10,232,0,232,0.010467012,Harmonia axyridis
333796,48988,20,,,788,,Hippodamia
48988,48987,10,143,0,143,0.009105042,Hippodamia convergens
333796,51703,20,,,1556,,Coccinella
51703,51702,10,162,0,162,0.0066962056,Coccinella septempunctata
333796,61533,20,,,1378,,Propylea
61533,61532,10,251,0,251,0.010793036,Propylea quatuordecimpunctata
372852,963992,33,,,683,,Cerambycoidea
963992,47961,30,,,1555,,Cerambycidae
47961,50265,27,,,1084,,Lamiinae
50265,528867,25,,,1495,,Tetraopini
528867,81549,20,,,1559,,Tetraopes
81549,118559,10,294,0,294,0.028158683,Tetraopes tetrophthalmus
71130,372854,35,,,806,,Elateriformia
372854,47207,33,,,869,,Elateroidea
47207,52932,30,,,1112,,Cantharidae
52932,460758,27,,,1311,,Cantharinae
460758,529314,25,,,1049,,Cantharini
529314,62463,20,,,927,,Rhagonycha
62463,62456,10,501,0,501,0.029189559,Rhagonycha fulva
52932,529316,27,,,1273,,Chauliognathinae
529316,529318,25,,,580,,Chauliognathini
529318,52933,20,,,1316,,Chauliognathus
52933,216649,10,67,0,67,0.032840863,Chauliognathus pensylvanicus
71130,702480,35,,,1687,,Scarabaeiformia
702480,48202,33,,,530,,Scarabaeoidea
48202,48201,30,,,1342,,Scarabaeidae
48201,48857,27,,,1715,,Rutelinae
48857,425997,25,,,1038,,Anomalini
425997,1260627,24,,,1940,,Popilliina
1260627,67761,20,,,911,,Popillia
67761,67760,10,90,0,90,0.041591626,Popillia japonica
48201,127588,27,,,900,,Cetoniinae
127588,245840,25,,,1821,,Cetoniini
245840,909579,24,,,1295,,Cetoniina
909579,52404,20,,,1833,,Cetonia
52404,948593,15,,,618,,Cetonia
948593,52402,10,100,0,100,0.02698081,Cetonia aurata
245840,1008821,24,,,1064,,Leucocelina
1008821,68329,20,,,1252,,Oxythyrea
68329,1130193,15,,,1866,,Oxythyrea
1130193,68328,10,247,0,247,0.024325652,Oxythyrea funesta
48202,49083,30,,,1327,,Lucanidae
49083,373469,27,,,1376,,Lucaninae
373469,794938,25,,,1334,,Lucanini
794938,60813,20,,,1267,,Lucanus
60813,1107301,15,,,567,,Lucanus
1107301,61749,10,241,0,241,0.028121179,Lucanus cervus
794938,88026,20,,,1230,,Dorcus
88026,794883,15,,,1709,,Dorcus
794883,123920,10,271,0,271,0.029636765,Dorcus parallelipipedus
48202,60539,30,,,761,,Geotrupidae
60539,489349,27,,,1453,,Geotrupinae
489349,633942,25,,,597,,Geotrupini
633942,125656,20,,,1093,,Anoplotrupes
125656,125655,10,326,0,326,0.016915651,Anoplotrupes stercorosus
47208,340471,37,,,665,,Adephaga
340471,372884,33,,,974,,Caraboidea
372884,149026,30,,,1323,,Cicindelidae
149026,373661,25,,,1194,,Cicindelini
373661,373919,24,,,979,,Cicindelina
373919,49568,20,,,1711,,Cicindela
49568,736941,15,,,1586,,Cicindela
736941,49566,10,14,0,14,0.03779792,Cicindela sexguttata
184884,47651,40,,,1764,,Orthoptera
47651,67688,37,,,1071,,Caelifera
67688,700600,35,,,712,,Acrididea
700600,47650,33,,,583,,Acridoidea
47650,47649,30,,,1847,,Acrididae
47649,129164,27,,,988,,Oedipodinae
129164,523486,25,,,1519,,Trimerotropini
523486,55002,20,,,1734,,Dissosteira
55002,126206,10,425,0,425,0.013148504,Dissosteira carolina
47649,328102,27,,,1325,,Melanoplinae
328102,523474,25,,,1571,,Melanoplini
523474,63523,20,,,705,,Melanoplus
63523,63518,10,306,0,306,0.013616513,Melanoplus differentialis
63523,1266323,11,,,696,,Melanoplus bivittatus
1266323,129305,10,214,0,214,0.010212548,Melanoplus bivittatus
47651,132694,37,,,888,,Ensifera
132694,488701,35,,,1873,,Tettigoniidea
488701,48125,33,,,747,,Tettigonioidea
48125,48124,30,,,763,,Tettigoniidae
48124,82546,27,,,1600,,Tettigoniinae
82546,523104,25,,,646,,Tettigoniini
523104,133251,20,,,1393,,Tettigonia
133251,133250,10,94,0,94,0.030686183,Tettigonia viridissima
184884,47744,40,,,1483,,Hemiptera
47744,61267,37,,,1050,,Heteroptera
61267,372850,35,,,764,,Cimicomorpha
372850,133754,33,,,1138,,Reduvioidea
133754,48959,30,,,1694,,Reduviidae
48959,320199,27,,,1704,,Harpactorinae
320199,482431,25,,,1547,,Harpactorini
482431,48960,20,,,521,,Arilus
48960,48957,10,432,0,432,0.025949666,Arilus cristatus
482431,129424,20,,,914,,Zelus
129424,1580611,11,,,1799,,Zelus luridus
1580611,129423,10,96,0,96,0.0035279766,Zelus luridus
61267,372868,35,,,824,,Pentatomomorpha
372868,47743,33,,,1699,,Pentatomoidea
47743,47742,30,,,924,,Pentatomidae
47742,51276,27,,,673,,Pentatominae
51276,194651,25,,,1017,,Carpocorini
194651,51667,20,,,1136,,Dolycoris
51667,51666,10,351,0,351,0.0070540663,Dolycoris baccarum
51276,209686,25,,,1839,,Pentatomini
209686,51277,20,,,1218,,Pentatoma
51277,51275,10,392,0,392,0.01233878,Pentatoma rufipes
51276,528234,25,,,1257,,Cappaeini
528234,81924,20,,,1773,,Halyomorpha
81924,81923,10,208,0,208,0.004120858,Halyomorpha halys
51276,712842,25,,,1977,,Nezarini
712842,62061,20,,,1275,,Palomena
62061,62060,10,172,0,172,0.010774363,Palomena prasina
712842,119607,20,,,1187,,Chinavia
119607,485010,10,198,0,198,0.0023344585,Chinavia hilaris
712842,141726,20,,,807,,Nezara
141726,141725,10,404,0,404,0.007279774,Nezara viridula
372868,51776,33,,,609,,Coreoidea
51776,51777,30,,,796,,Coreidae
51777,319231,27,,,1747,,Coreinae
319231,464228,25,,,1035,,Anisoscelini
464228,61257,20,,,1174,,Leptoglossus
61257,1305786,11,,,1201,,Leptoglossus clypealis
1305786,67771,10,382,0,382,0.014003245,Leptoglossus occidentalis
319231,510322,25,,,996,,Coreini
510322,318567,20,,,539,,Coreus
318567,318545,10,447,0,447,0.010893575,Coreus marginatus
319231,605201,25,,,701,,Acanthocephalini
605201,61446,20,,,1005,,Acanthocephala
61446,61445,10,101,0,101,0.023626437,Acanthocephala terminalis
51776,53225,30,,,770,,Rhopalidae
53225,450173,27,,,994,,Serinethinae
450173,53224,20,,,600,,Boisea
53224,53227,10,503,0,503,0.009711378,Boisea trivittata
372868,52983,33,,,1936,,Pyrrhocoroidea
52983,55612,30,,,953,,Pyrrhocoridae
55612,55613,20,,,1870,,Pyrrhocoris
55613,55610,10,88,0,88,0.038081024,Pyrrhocoris apterus
372868,466233,33,,,1254,,Lygaeoidea
466233,55558,30,,,1677,,Lygaeidae
55558,130314,27,,,969,,Lygaeinae
130314,55559,20,,,1744,,Oncopeltus
55559,888838,15,,,1227,,Erythrischius
888838,55556,10,455,0,455,0.011467445,Oncopeltus fasciatus
47744,125816,37,,,728,,Auchenorrhyncha
125816,372849,35,,,954,,Cicadomorpha
372849,56194,33,,,1444,,Cercopoidea
56194,56195,30,,,1210,,Aphrophoridae
56195,787243,27,,,1959,,Aphrophorinae
787243,787244,25,,,1154,,Philaenini
787244,56196,20,,,1852,,Philaenus
56196,56189,10,174,0,174,0.0010556726,Philaenus spumarius
125816,372860,35,,,547,,Fulgoromorpha
372860,52073,33,,,1901,,Fulgoroidea
52073,54944,30,,,1310,,Fulgoridae
54944,708488,27,,,1549,,Aphaeninae
708488,708491,25,,,892,,Aphaenini
708491,324727,20,,,1348,,Lycorma
324727,324726,10,295,0,295,0.006339096,Lycorma delicatula
47744,334037,37,,,1842,,Sternorrhyncha
334037,901813,35,,,920,,Aphidomorpha
901813,52380,33,,,637,,Aphidoidea
52380,52381,30,,,1387,,Aphididae
52381,194066,27,,,1408,,Aphidinae
194066,373639,25,,,1020,,Aphidini
373639,517607,24,,,785,,Aphidina
517607,55215,20,,,1951,,Aphis
55215,71154,10,400,0,400,0.008802193,Aphis nerii
184884,47792,40,,,732,,Odonata
47792,47927,37,,,1642,,Anisoptera
47927,1317176,33,,,1083,,Libelluloidea
1317176,47819,30,,,1791,,Libellulidae
47819,47818,20,,,1874,,Libellula
47818,47934,10,45,0,45,0.02355793,Libellula luctuosa
47818,57443,10,191,0,191,0.008905337,Libellula quadrimaculata
47818,104580,10,209,0,209,0.023372408,Libellula incesta
47819,50148,20,,,1437,,Celithemis
50148,50147,10,489,0,489,0.026977617,Celithemis eponina
47819,51556,20,,,1654,,Sympetrum
51556,55625,10,222,0,222,0.009313255,Sympetrum striolatum
51556,68138,10,504,0,504,0.015384276,Sympetrum corruptum
51556,68139,10,316,0,316,0.008146283,Sympetrum vicinum
51556,113525,10,386,0,386,0.009073055,Sympetrum sanguineum
47819,53868,20,,,1952,,Erythemis
53868,61495,10,349,0,349,0.025984662,Erythemis simplicicollis
47819,59775,20,,,760,,Pachydiplax
59775,59774,10,128,0,128,0.009433598,Pachydiplax longipennis
47819,59777,20,,,679,,Perithemis
59777,59776,10,250,0,250,0.010808977,Perithemis tenera
47819,62071,20,,,912,,Orthetrum
62071,62067,10,211,0,211,0.0148621285,Orthetrum cancellatum
47819,84550,20,,,1088,,Plathemis
84550,84549,10,233,0,233,0.020129202,Plathemis lydia
47927,1317180,33,,,1324,,Aeshnoidea
1317180,51469,30,,,1746,,Aeshnidae
51469,51468,20,,,854,,Anax
51468,67731,10,81,0,81,0.004112366,Anax junius
47792,47928,37,,,722,,Zygoptera
47928,426081,33,,,784,,Coenagrionoidea
426081,47925,30,,,1044,,Coenagrionidae
47925,47977,20,,,877,,Argia
47977,94557,10,488,0,488,0.0060242615,Argia moesta
47925,50175,20,,,1776,,Enallagma
50175,99897,10,2,0,2,0.003711937,Enallagma civile
47925,51679,20,,,1096,,Coenagrion
51679,51678,10,449,0,449,0.007793917,Coenagrion puella
47925,52054,20,,,599,,Ischnura
52054,61508,10,260,0,260,0.008068843,Ischnura elegans
52054,84722,10,9,0,9,0.014043937,Ischnura verticalis
52054,103498,10,234,0,234,0.0074134986,Ischnura posita
426081,85991,30,,,1371,,Platycnemididae
85991,91123,20,,,943,,Platycnemis
91123,109650,10,474,0,474,0.02056848,Platycnemis pennipes
47928,1317181,33,,,827,,Calopterygoidea
1317181,47929,30,,,1806,,Calopterygidae
47929,51825,20,,,777,,Calopteryx
51825,51824,10,293,0,293,0.012468804,Calopteryx splendens
51825,84481,10,252,0,252,0.015898049,Calopteryx maculata
184884,47822,40,,,1280,,Diptera
47822,48091,37,,,1828,,Brachycera
48091,372853,35,,,566,,Cyclorrhapha
372853,48089,34,,,1578,,Schizophora
48089,342767,33,,,1430,,Calyptratae
342767,356157,33,,,1145,,Oestroidea
356157,61860,30,,,1251,,Calliphoridae
61860,202179,27,,,1086,,Luciliinae
202179,1239927,25,,,552,,Luciliini
1239927,61858,20,,,1309,,Lucilia
61858,128824,10,383,0,383,0.000053113254,Lucilia sericata
372853,414448,34,,,925,,Aschiza
414448,49995,30,,,605,,Syrphidae
49995,186841,27,,,1544,,Syrphinae
186841,121991,25,,,1441,,Syrphini
121991,52483,20,,,1686,,Episyrphus
52483,52482,10,156,0,156,0.009210829,Episyrphus balteatus
121991,58753,20,,,1780,,Toxomerus
58753,126532,10,416,0,416,0.010790461,Toxomerus geminatus
58753,126889,10,179,0,179,0.0040481947,Toxomerus marginatus
49995,326181,27,,,542,,Eristalinae
326181,364082,25,,,1432,,Eristalini
364082,520020,24,,,1673,,Eristalina
520020,52491,20,,,1058,,Eristalis
52491,520029,15,,,1541,,Eristalis
520029,55719,10,52,0,52,0.01167144,Eristalis tenax
48091,372865,35,,,1856,,Orthorrhapha
372865,564285,34,,,1514,,Stratiomyomorpha
564285,70127,30,,,540,,Stratiomyidae
70127,711638,27,,,1404,,Hermetiinae
711638,82178,20,,,1762,,Hermetia
82178,82177,10,319,0,319,0.013063,Hermetia illucens
47822,154259,37,,,1620,,Nematocera
154259,774833,35,,,608,,Psychodomorpha
774833,52071,30,,,744,,Psychodidae
52071,326684,27,,,1640,,Psychodinae
326684,521655,25,,,1405,,Paramormiini
521655,247953,20,,,670,,Clogmia
247953,258813,10,309,0,309,0.000021769152,Clogmia albipunctata
184884,48112,40,,,999,,Mantodea
48112,1097011,37,,,1047,,Eumantodea
1097011,1097013,35,,,638,,Schizomantodea
1097013,1097016,33,,,837,,Mantoidea
1097016,48111,30,,,1862,,Mantidae
48111,570063,27,,,1813,,Mantinae
570063,56564,20,,,909,,Mantis
56564,53905,10,155,0,155,0.01860343,Mantis religiosa
48111,570070,27,,,916,,Stagmomantinae
570070,1097068,25,,,1912,,Stagmomantini
1097068,82009,20,,,1492,,Stagmomantis
82009,119989,10,490,0,490,0.009905011,Stagmomantis carolina
48111,1096984,27,,,602,,Tenoderinae
1096984,1097067,25,,,1890,,Tenoderini
1097067,1097119,24,,,1725,,Tenoderina
1097119,71035,20,,,643,,Tenodera
71035,71034,10,34,0,34,0.0136858085,Tenodera sinensis
184884,81769,40,,,1878,,Blattodea
81769,129743,33,,,1645,,Blattoidea
129743,709252,32,,,1793,,Blattoidae
709252,82232,30,,,1456,,Blattidae
82232,709237,27,,,1185,,Blattinae
709237,82233,20,,,717,,Periplaneta
82233,82231,10,429,0,429,0.005732323,Periplaneta americana
1,47491,60,,,1976,,Annelida
47491,63089,50,,,889,,Clitellata
63089,333586,47,,,1881,,Oligochaeta
333586,152943,40,,,959,,Crassiclitellata
152943,1418362,37,,,1410,,Lumbricina
1418362,69758,30,,,1303,,Lumbricidae
69758,81547,20,,,868,,Lumbricus
81547,81545,10,464,1,464,6.5067034e-8,Lumbricus terrestris
1,47534,60,,,1317,,Cnidaria
47534,47533,50,,,1162,,Anthozoa
47533,202756,47,,,1425,,Hexacorallia
202756,47797,40,,,861,,Actiniaria
47797,813978,37,,,1689,,Enthemonae
813978,813994,33,,,899,,Actinioidea
813994,47796,30,,,1242,,Actiniidae
47796,49052,20,,,706,,Anthopleura
49052,49051,10,202,1,202,0.018268604,Anthopleura sola
49052,51659,10,256,1,256,0.02229135,Anthopleura xanthogrammica
49052,52564,10,201,1,201,0.029856306,Anthopleura elegantissima
47534,48921,50,,,1155,,Hydrozoa
48921,551473,47,,,842,,Hydroidolina
551473,152823,40,,,981,,Siphonophorae
152823,777050,37,,,862,,Cystonectae
777050,117304,30,,,1234,,Physaliidae
117304,117305,20,,,1457,,Physalia
117305,117302,10,75,1,75,0.014069148,Physalia physalis
1,47549,60,,,628,,Echinodermata
47549,481959,57,,,1540,,Asterozoa
481959,47668,50,,,719,,Asteroidea
47668,533697,43,,,1074,,Forcipulatacea
533697,47672,40,,,1011,,Forcipulatida
47672,47671,30,,,1272,,Asteriidae
47671,48834,20,,,867,,Pisaster
48834,49699,10,95,1,95,0.021829702,Pisaster ochraceus
,47126,70,,,1760,,Plantae
47126,211194,60,,,1066,,Tracheophyta
211194,47125,57,,,1459,,Angiospermae
47125,47124,50,,,1538,,Magnoliopsida
47124,47123,40,,,1059,,Fabales
47123,47122,30,,,1208,,Fabaceae
47122,507502,27,,,1861,,Faboideae
507502,512504,25,,,993,,Trifolieae
512504,51876,20,,,697,,Trifolium
51876,967289,15,,,794,,Trifolium
967289,1582389,13,,,1146,,Trifolium
1582389,51875,10,135,6,135,0.029971004,Trifolium pratense
967289,1582396,13,,,941,,Trifoliastrum
1582396,55745,10,275,6,275,0.020862931,Trifolium repens
512504,53152,20,,,789,,Medicago
53152,1092874,13,,,543,,Medicago
1092874,1092912,12,,,1606,,Medicago
1092912,1093263,11,,,1980,,Medicago sativa
1093263,57057,10,224,6,224,0.0054065697,Medicago sativa
53152,1092877,13,,,1550,,Spirocarpos
1092877,1092918,12,,,1521,,Lupularia
1092918,57056,10,357,6,357,0.00609673,Medicago lupulina
512504,57067,20,,,896,,Melilotus
57067,57066,10,154,6,154,0.006901727,Melilotus officinalis
57067,58907,10,418,6,418,0.00020225823,Melilotus albus
507502,533443,25,,,1661,,Loteae
533443,47436,20,,,727,,Lotus
47436,1453363,11,,,1037,,Lotus corniculatus
1453363,47435,10,384,6,384,0.010268055,Lotus corniculatus
533443,127187,20,,,1932,,Securigera
127187,127186,10,409,6,409,0.007838311,Securigera varia
507502,548591,25,,,1886,,Genisteae
548591,48539,20,,,513,,Cytisus
48539,48538,10,86,6,86,0.0094244145,Cytisus scoparius
507502,633087,25,,,1619,,Fabeae
633087,52472,20,,,1292,,Vicia
52472,52471,10,318,6,318,0.007895039,Vicia cracca
52472,53324,10,476,6,476,0.008408043,Vicia sativa
507502,746912,25,,,844,,Robinieae
746912,56089,20,,,1056,,Robinia
56089,56088,10,262,6,262,0.0053382507,Robinia pseudoacacia
47122,746804,27,,,522,,Cercidoideae
746804,746816,25,,,617,,Cercideae
746816,48801,20,,,1426,,Cercis
48801,48502,10,180,6,180,0.017834783,Cercis canadensis
47124,47132,40,,,1979,,Rosales
47132,47148,30,,,1761,,Rosaceae
47148,415343,27,,,1195,,Rosoideae
415343,885411,25,,,1670,,Potentilleae
885411,975959,24,,,1419,,Fragariinae
975959,50299,20,,,1033,,Fragaria
50299,50298,10,112,6,112,0.004153703,Fragaria vesca
885411,975960,24,,,699,,Potentillinae
975960,53186,20,,,1119,,Potentilla
53186,243824,10,184,6,184,0.0048214463,Potentilla indica
415343,922105,25,,,1768,,Colurieae
922105,55751,20,,,1382,,Geum
55751,55891,10,292,6,292,0.0012768551,Geum urbanum
415343,922171,25,,,708,,Rubeae
922171,47544,20,,,746,,Rubus
47544,1360635,15,,,1213,,Idaeobatus
1360635,1449387,13,,,779,,Idaei
1449387,54436,10,457,6,457,0.004988327,Rubus idaeus
415343,922173,25,,,1817,,Roseae
922173,53438,20,,,1490,,Rosa
53438,1511489,13,,,1529,,Synstylae
1511489,78882,10,438,6,438,0.0019241249,Rosa multiflora
47148,922110,27,,,1211,,Amygdaloideae
922110,723302,25,,,1431,,Maleae
723302,48582,20,,,1667,,Sorbus
48582,56063,10,237,6,237,0.0085930545,Sorbus aucuparia
723302,51148,20,,,1147,,Crataegus
51148,1437484,15,,,904,,Crataegus
1437484,1437522,13,,,1090,,Crataegus
1437522,1577961,12,,,1337,,Crataegus
1577961,1437600,11,,,815,,Crataegus monogyna
1437600,51147,10,65,6,65,0.00064717064,Crataegus monogyna
922110,922113,25,,,1553,,Amygdaleae
922113,47351,20,,,688,,Prunus
47351,483776,15,,,1113,,Padus
483776,54834,10,299,6,299,0.006421008,Prunus serotina
483776,54835,10,278,6,278,0.0053639626,Prunus virginiana
47132,49041,30,,,811,,Rhamnaceae
49041,1256740,25,,,1416,,Rhamneae
1256740,54812,20,,,1662,,Rhamnus
54812,54811,10,197,6,197,0.0034196996,Rhamnus cathartica
47132,50998,30,,,652,,Moraceae
50998,1529488,25,,,1537,,Moreae
1529488,56091,20,,,1589,,Morus
56091,56090,10,289,6,289,0.0014486166,Morus alba
47132,51885,30,,,1493,,Urticaceae
51885,51886,20,,,622,,Urtica
51886,51884,10,281,6,281,0.011205439,Urtica dioica
47132,53548,30,,,1103,,Ulmaceae
53548,53549,20,,,872,,Ulmus
53549,53547,10,149,6,149,0.004516719,Ulmus americana
47132,64695,30,,,832,,Elaeagnaceae
64695,64696,20,,,843,,Elaeagnus
64696,64697,10,453,6,453,0.007061478,Elaeagnus umbellata
47124,47181,40,,,1730,,Ericales
47181,47890,30,,,1314,,Balsaminaceae
47890,47889,20,,,589,,Impatiens
47889,47892,10,99,6,99,0.022095915,Impatiens glandulifera
47889,1304081,15,,,1281,,Impatiens
1304081,1431931,13,,,860,,Impatiens
1431931,47888,10,186,6,186,0.03568201,Impatiens capensis
47181,48064,30,,,1927,,Primulaceae
48064,791932,27,,,1781,,Myrsinoideae
791932,48063,20,,,1111,,Lysimachia
48063,1196640,13,,,1500,,Anagallis
1196640,791928,10,189,6,189,0.0102558695,Lysimachia arvensis
47181,133387,30,,,1743,,Ericaceae
133387,451956,27,,,1718,,Monotropoideae
451956,49478,20,,,1921,,Monotropa
49478,49477,10,393,6,393,0.026911423,Monotropa uniflora
451956,62232,20,,,672,,Chimaphila
62232,82358,10,22,6,22,0.026877772,Chimaphila maculata
47124,47195,40,,,720,,Cornales
47195,47194,30,,,1618,,Cornaceae
47194,47193,20,,,1474,,Cornus
47193,1296980,15,,,681,,Arctocrania
1296980,47192,10,312,6,312,0.034177754,Cornus canadensis
47193,1296983,15,,,682,,Kraniopsis
1296983,53387,10,414,6,414,0.0040597273,Cornus sericea
47124,47363,40,,,1966,,Gentianales
47363,47362,30,,,564,,Apocynaceae
47362,373579,27,,,766,,Asclepiadoideae
373579,632307,25,,,992,,Asclepiadeae
632307,632069,24,,,1386,,Asclepiadinae
632069,47906,20,,,1678,,Asclepias
47906,47911,10,122,6,122,0.018105729,Asclepias syriaca
47906,47912,10,213,6,213,0.018343003,Asclepias tuberosa
47362,487323,27,,,1091,,Rauvolfioideae
487323,632390,25,,,1632,,Vinceae
632390,632394,24,,,1883,,Vincinae
632394,53327,20,,,729,,Vinca
53327,55844,10,129,6,129,0.004995895,Vinca minor
47363,47693,30,,,1024,,Rubiaceae
47693,788062,27,,,1032,,Cinchonoideae
788062,777272,25,,,885,,Naucleeae
777272,52728,20,,,1036,,Cephalanthus
52728,52763,10,83,6,83,0.029500984,Cephalanthus occidentalis
47693,788064,27,,,1375,,Rubioideae
788064,788074,25,,,1289,,Mitchelleae
788074,83800,20,,,1598,,Mitchella
83800,83799,10,120,6,120,0.041453943,Mitchella repens
788064,788083,25,,,524,,Rubieae
788083,53060,20,,,1574,,Galium
53060,1403902,11,,,561,,Galium aparine
1403902,53059,10,499,6,499,0.0016489155,Galium aparine
47124,47366,40,,,775,,Caryophyllales
47366,47365,30,,,1073,,Portulacaceae
47365,58992,20,,,1365,,Portulaca
58992,1571188,11,,,1427,,Portulaca oleracea
1571188,58991,10,329,6,329,0.0017682037,Portulaca oleracea
47366,48382,30,,,661,,Polygonaceae
48382,922206,27,,,1476,,Polygonoideae
922206,922238,25,,,1765,,Polygoneae
922238,922240,24,,,1752,,Reynoutriinae
922240,379255,20,,,508,,Reynoutria
379255,914922,10,103,6,103,0.004051753,Reynoutria japonica
922206,922242,25,,,1868,,Rumiceae
922242,53196,20,,,1783,,Rumex
53196,1540581,15,,,1527,,Rumex
1540581,53197,10,141,6,141,0.0007219174,Rumex crispus
1540581,63371,10,42,6,42,0.0012497617,Rumex obtusifolius
47366,48567,30,,,873,,Caryophyllaceae
48567,791419,25,,,961,,Alsineae
791419,49389,20,,,1682,,Stellaria
49389,1087592,11,,,930,,Stellaria media
1087592,53298,10,192,6,192,0.0011596716,Stellaria media
48567,791473,27,,,1306,,Caryophylloideae
791473,791474,25,,,755,,Caryophylleae
791474,56155,20,,,1820,,Saponaria
56155,56154,10,195,6,195,0.008135591,Saponaria officinalis
791473,791475,25,,,1302,,Sileneae
791475,52195,20,,,1207,,Silene
52195,1395950,15,,,1068,,Behenantha
1395950,1395953,13,,,582,,Melandrium
1395953,55759,10,270,6,270,0.015087529,Silene dioica
1395953,79109,10,76,6,76,0.016140806,Silene latifolia
1395950,1395967,13,,,675,,Behenantha
1395967,55721,10,27,6,27,0.01946201,Silene vulgaris
47366,48600,30,,,1261,,Phytolaccaceae
48600,48601,20,,,1070,,Phytolacca
48601,48599,10,157,6,157,0.018816203,Phytolacca americana
47366,52327,30,,,1786,,Amaranthaceae
52327,518889,27,,,1048,,Chenopodioideae
518889,931408,25,,,1192,,Chenopodieae
931408,48439,20,,,734,,Chenopodium
48439,58127,10,127,6,127,0.0008211021,Chenopodium album
47366,71417,30,,,866,,Montiaceae
71417,52995,20,,,1209,,Claytonia
52995,779780,13,,,1631,,Claytonia
779780,117434,10,434,6,434,0.024671676,Claytonia virginica
47124,47540,40,,,1701,,Celastrales
47540,47539,30,,,606,,Celastraceae
47539,64539,20,,,1573,,Celastrus
64539,64540,10,108,6,108,0.007236939,Celastrus orbiculatus
47124,47605,40,,,841,,Asterales
47605,47604,30,,,1819,,Asteraceae
47604,201654,27,,,876,,Carduoideae
201654,632883,25,,,795,,Cardueae
632883,632885,24,,,1621,,Carduinae
632885,48561,20,,,976,,Cirsium
48561,52989,10,59,6,59,0.017464302,Cirsium vulgare
48561,60132,10,487,6,487,0.01914753,Cirsium arvense
47604,447425,27,,,1204,,Cichorioideae
447425,359450,25,,,1181,,Cichorieae
359450,558819,24,,,1552,,Hypochaeridinae
558819,51900,20,,,1131,,Hypochaeris
51900,53104,10,123,6,123,0.000054059008,Hypochaeris radicata
359450,632700,24,,,1692,,Cichoriinae
632700,52914,20,,,1381,,Cichorium
52914,52913,10,336,6,336,0.012622204,Cichorium intybus
359450,632701,24,,,933,,Crepidinae
632701,47603,20,,,1649,,Taraxacum
47603,967514,13,,,835,,Taraxacum
967514,47602,10,152,6,152,0.0012209743,Taraxacum officinale
359450,632703,24,,,1797,,Hyoseridinae
632703,53270,20,,,1846,,Sonchus
53270,53269,10,405,6,405,0.00008006128,Sonchus asper
53270,53294,10,238,6,238,0.000258221,Sonchus oleraceus
359450,632704,24,,,587,,Lactucinae
632704,53106,20,,,1789,,Lactuca
53106,53107,10,60,6,60,0.0034244023,Lactuca serriola
47604,632790,27,,,1178,,Asteroideae
632790,153419,25,,,730,,Eupatorieae
153419,901066,24,,,1021,,Oxylobinae
901066,64116,20,,,1978,,Ageratina
64116,1464929,15,,,714,,Ageratina
1464929,119048,10,243,6,243,0.008873958,Ageratina altissima
632790,373844,25,,,1322,,Anthemideae
373844,900981,24,,,880,,Leucantheminae
900981,56058,20,,,1402,,Leucanthemum
56058,1404861,11,,,1679,,Leucanthemum vulgare
1404861,56057,10,419,6,419,0.009241387,Leucanthemum vulgare
373844,900982,24,,,1284,,Anthemidinae
900982,54521,20,,,917,,Tanacetum
54521,55971,10,470,6,470,0.009788576,Tanacetum vulgare
373844,900983,24,,,1875,,Artemisiinae
900983,52855,20,,,831,,Artemisia
52855,52856,10,240,6,240,0.0000033198958,Artemisia vulgaris
373844,900988,24,,,758,,Matricariinae
900988,52818,20,,,821,,Achillea
52818,1105043,11,,,772,,Achillea millefolium
1105043,52821,10,477,6,477,0.025158346,Achillea millefolium
632790,461542,25,,,1818,,Astereae
461542,972606,24,,,1623,,Solidagininae
972606,48678,20,,,1601,,Solidago
48678,1454394,15,,,780,,Pleiactila
1454394,1454407,13,,,1767,,Unilaterales
1454407,1455736,12,,,1884,,Triplinerviae
1455736,67808,10,421,6,421,0.0014131598,Solidago canadensis
461542,972608,24,,,1313,,Symphyotrichinae
972608,56112,20,,,771,,Symphyotrichum
56112,1416871,15,,,1736,,Virgulus
1416871,1416901,13,,,878,,Polyliguli
1416901,117443,10,365,6,365,0.0004821918,Symphyotrichum novae-angliae
461542,972882,24,,,1827,,Conyzinae
972882,50879,20,,,1143,,Erigeron
50879,76907,10,148,6,148,0.0014499908,Erigeron canadensis
50879,868391,13,,,1759,,Phalacroloma
868391,76897,10,215,6,215,0.004391855,Erigeron annuus
50879,873639,13,,,1182,,Quercifolium
873639,67820,10,227,6,227,0.0062204087,Erigeron philadelphicus
461542,1265661,24,,,551,,Bellidinae
1265661,55564,20,,,574,,Bellis
55564,55563,10,82,6,82,0.006977583,Bellis perennis
632790,568270,25,,,1338,,Senecioneae
568270,901794,24,,,669,,Senecioninae
901794,53207,20,,,1014,,Senecio
53207,53211,10,497,6,497,0.000061798826,Senecio vulgaris
901794,62499,20,,,715,,Jacobaea
62499,62498,10,461,6,461,0.012428555,Jacobaea vulgaris
568270,936861,24,,,781,,Tussilagininae
936861,56223,20,,,1122,,Tussilago
56223,56222,10,221,6,221,0.030667007,Tussilago farfara
632790,568277,25,,,1253,,Coreopsideae
568277,50204,20,,,1116,,Bidens
50204,1095846,10,150,6,150,0.009007978,Bidens alba
632790,605446,25,,,641,,Heliantheae
605446,639449,24,,,691,,Ambrosiinae
639449,53036,20,,,507,,Ambrosia
53036,53587,10,443,6,443,0.00024404729,Ambrosia artemisiifolia
605446,888924,24,,,532,,Rudbeckiinae
888924,62742,20,,,1955,,Rudbeckia
62742,888920,13,,,1741,,Rudbeckia
888920,62741,10,74,6,74,0.0008261561,Rudbeckia hirta
605446,901801,24,,,851,,Helianthinae
901801,56955,20,,,1125,,Helianthus
56955,57983,10,346,6,346,0.0006210355,Helianthus annuus
47124,47690,40,,,1445,,Geraniales
47690,47689,30,,,1245,,Geraniaceae
47689,47688,20,,,1135,,Erodium
47688,1438094,11,,,1225,,Erodium cicutarium
1438094,47687,10,242,6,242,0.007853678,Erodium cicutarium
47689,47701,20,,,1798,,Geranium
47701,47699,10,145,6,145,0.0128756575,Geranium maculatum
47701,964902,15,,,1604,,Robertium
964902,964908,13,,,1950,,Ruberta
964908,55925,10,373,6,373,0.010412903,Geranium robertianum
47124,47729,40,,,1277,,Sapindales
47729,48874,30,,,951,,Anacardiaceae
48874,707807,27,,,642,,Anacardioideae
707807,51079,20,,,1188,,Toxicodendron
51079,58732,10,50,6,50,0.025568612,Toxicodendron radicans
707807,54765,20,,,1247,,Rhus
54765,167829,10,288,6,288,0.003596339,Rhus typhina
47729,57279,30,,,645,,Simaroubaceae
57279,57280,20,,,940,,Ailanthus
57280,57278,10,328,6,328,0.010677667,Ailanthus altissima
47729,58321,30,,,1123,,Sapindaceae
58321,47727,20,,,1423,,Acer
47727,1419769,13,,,657,,Acer
1419769,1466281,11,,,1638,,Acer pseudoplatanus
1466281,119791,10,44,6,44,0.013964479,Acer pseudoplatanus
1419769,1466282,11,,,1831,,Acer saccharum
1466282,52543,10,280,6,280,0.026505474,Acer saccharum
47727,1466297,13,,,1657,,Negundo
1466297,47726,10,396,6,396,0.006967998,Acer negundo
47727,1466315,13,,,934,,Platanoidea
1466315,54763,10,19,6,19,0.00653315,Acer platanoides
47727,1466321,13,,,538,,Rubra
1466321,48098,10,428,6,428,0.021106318,Acer rubrum
47124,47791,40,,,1916,,Myrtales
47791,47790,30,,,945,,Onagraceae
47790,48626,20,,,752,,Oenothera
48626,914077,13,,,966,,Oenothera
914077,62207,10,353,6,353,0.0024783812,Oenothera biennis
47790,564913,20,,,1876,,Chamaenerion
564913,564969,10,80,6,80,0.038031604,Chamaenerion angustifolium
47791,58935,30,,,1909,,Lythraceae
58935,58937,20,,,1816,,Lythrum
58937,61321,10,267,6,267,0.00893388,Lythrum salicaria
47124,47853,40,,,1100,,Fagales
47853,47852,30,,,1648,,Fagaceae
47852,47851,20,,,792,,Quercus
47851,861029,15,,,1262,,Quercus
861029,861033,13,,,1770,,Quercus
861033,1520309,11,,,668,,Quercus robur
1520309,56133,10,133,6,133,0.0040442036,Quercus robur
861033,1552800,12,,,972,,Albae
1552800,54779,10,397,6,397,0.0387045,Quercus alba
861029,861036,13,,,572,,Lobatae
861036,1549935,12,,,604,,Coccineae
1549935,1550123,11,,,800,,Quercus shumardii
1550123,49005,10,354,6,354,0.009315974,Quercus rubra
47852,49203,20,,,667,,Fagus
49203,49202,10,29,6,29,0.062850885,Fagus grandifolia
49203,54227,10,286,6,286,0.0021725874,Fagus sylvatica
47853,49155,30,,,1463,,Betulaceae
49155,53373,20,,,1140,,Corylus
53373,54491,10,478,6,478,0.0058320127,Corylus avellana
47853,54497,30,,,1534,,Juglandaceae
54497,54495,20,,,1055,,Juglans
54495,54504,10,492,6,492,0.00250599,Juglans nigra
47124,48151,40,,,1728,,Lamiales
48151,47151,30,,,1576,,Scrophulariaceae
47151,941815,25,,,1134,,Scrophularieae
941815,56165,20,,,1139,,Verbascum
56165,59029,10,225,6,225,0.012443517,Verbascum thapsus
48151,48377,30,,,1466,,Bignoniaceae
48377,604091,25,,,1836,,Tecomeae
604091,72030,20,,,1627,,Campsis
72030,75995,10,58,6,58,0.0022822754,Campsis radicans
48151,48623,30,,,1270,,Lamiaceae
48623,520502,27,,,1807,,Nepetoideae
520502,918917,25,,,960,,Mentheae
918917,919178,24,,,926,,Menthinae
919178,52736,20,,,886,,Monarda
52736,85320,10,161,6,161,0.025474954,Monarda fistulosa
918917,919180,24,,,946,,Nepetinae
919180,55831,20,,,865,,Glechoma
55831,55830,10,41,6,41,0.01589188,Glechoma hederacea
918917,919181,24,,,1094,,Prunellinae
919181,52765,20,,,1243,,Prunella
52765,52764,10,431,6,431,0.019361652,Prunella vulgaris
48623,918903,27,,,971,,Lamioideae
918903,918906,25,,,1712,,Lamieae
918906,55460,20,,,1293,,Lamium
55460,1538103,15,,,1435,,Lamium
1538103,1538105,13,,,703,,Lamium
1538105,55851,10,399,6,399,0.02174482,Lamium purpureum
1538103,1538106,13,,,557,,Amplexicaule
1538106,55459,10,147,6,147,0.004871086,Lamium amplexicaule
48623,918904,27,,,1895,,Ajugoideae
918904,56100,20,,,560,,Ajuga
56100,56099,10,469,6,469,0.0054747504,Ajuga reptans
48623,1270935,27,,,1237,,Callicarpoideae
1270935,49195,20,,,1163,,Callicarpa
49195,49193,10,246,6,246,0.04831599,Callicarpa americana
48151,49194,30,,,1784,,Verbenaceae
49194,936164,25,,,1244,,Lantaneae
936164,50334,20,,,1152,,Lantana
50334,1478388,13,,,1937,,Lantana
1478388,50333,10,115,6,115,0.042512685,Lantana camara
48151,50638,30,,,998,,Plantaginaceae
50638,556743,25,,,1808,,Antirrhineae
556743,50791,20,,,1040,,Linaria
50791,1441528,13,,,1477,,Linaria
1441528,50790,10,268,6,268,0.023784315,Linaria vulgaris
50638,840955,25,,,1629,,Veroniceae
840955,51611,20,,,1264,,Veronica
51611,738332,15,,,1834,,Chamaedrys
738332,51610,10,124,6,124,0.017724615,Veronica chamaedrys
51611,738398,15,,,1721,,Pocilla
738398,1450375,12,,,825,,Agrestes
1450375,55666,10,389,6,389,0.007416239,Veronica persica
50638,840977,25,,,1580,,Digitalideae
840977,53984,20,,,1634,,Digitalis
53984,743344,13,,,549,,Digitalis
743344,53983,10,26,6,26,0.0001312803,Digitalis purpurea
50638,840983,25,,,1399,,Plantagineae
840983,50636,20,,,1975,,Plantago
50636,1045683,15,,,1960,,Plantago
1045683,1421895,13,,,1787,,Plantago
1421895,58961,10,482,6,482,0.000008911275,Plantago major
50636,1045687,15,,,571,,Albicans
1045687,1045692,13,,,633,,Lanceifolia
1045692,53178,10,340,6,340,0.00978176,Plantago lanceolata
47124,48232,40,,,1812,,Ranunculales
48232,47332,30,,,1794,,Papaveraceae
47332,889631,27,,,639,,Papaveroideae
889631,1453809,25,,,1398,,Chelidonieae
1453809,51045,20,,,1705,,Sanguinaria
51045,51044,10,375,6,375,0.024397891,Sanguinaria canadensis
1453809,55758,20,,,1288,,Chelidonium
55758,55757,10,475,6,475,0.01600106,Chelidonium majus
889631,1453810,25,,,757,,Eschscholzieae
1453810,48226,20,,,1351,,Eschscholzia
48226,48225,10,398,6,398,0.00009973278,Eschscholzia californica
48232,48231,30,,,1450,,Ranunculaceae
48231,746709,27,,,1420,,Ranunculoideae
746709,746715,25,,,1567,,Ranunculeae
746715,48230,20,,,798,,Ranunculus
48230,1365503,15,,,1355,,Ranunculus
1365503,1567663,13,,,857,,Ranunculus
1567663,56064,10,190,6,190,0.0024019412,Ranunculus acris
1365503,1567664,13,,,1296,,Polyanthemos
1567664,48229,10,481,6,481,0.0012241808,Ranunculus repens
746715,204212,20,,,1504,,Ficaria
204212,204321,10,422,6,422,0.022240536,Ficaria verna
746709,746720,25,,,1723,,Caltheae
746720,49869,20,,,588,,Caltha
49869,1045281,13,,,1735,,Caltha
1045281,56224,10,378,6,378,0.024247032,Caltha palustris
746709,746724,25,,,1157,,Anemoneae
746724,950583,20,,,743,,Anemonoides
950583,950603,10,444,6,444,0.03583236,Anemonoides nemorosa
48232,49289,30,,,1899,,Berberidaceae
49289,923936,27,,,1486,,Berberidoideae
923936,923971,25,,,1276,,Berberideae
923971,923973,24,,,859,,Epimediinae
923973,49290,20,,,1777,,Podophyllum
49290,49288,10,337,6,337,0.03194984,Podophyllum peltatum
47124,48515,40,,,1957,,Solanales
48515,48516,30,,,1814,,Solanaceae
48516,634936,27,,,1560,,Solanoideae
634936,634950,25,,,736,,Solaneae
634950,50641,20,,,737,,Solanum
50641,55620,10,500,6,500,0.016847497,Solanum dulcamara
50641,1435339,15,,,965,,Leptostemonum
1435339,52899,10,314,6,314,0.032164834,Solanum carolinense
48515,52345,30,,,1305,,Convolvulaceae
52345,1395312,27,,,1079,,Convolvuloideae
1395312,993825,25,,,1935,,Convolvuleae
993825,53022,20,,,658,,Convolvulus
53022,53021,10,21,6,21,0.010422273,Convolvulus arvensis
993825,56031,20,,,1522,,Calystegia
56031,57481,10,205,6,205,0.0037632857,Calystegia sepium
47124,48526,40,,,594,,Dipsacales
48526,48527,30,,,616,,Caprifoliaceae
48527,345605,27,,,1888,,Caprifolioideae
345605,48528,20,,,1958,,Symphoricarpos
48528,48523,10,175,6,175,0.0066019353,Symphoricarpos albus
345605,51874,20,,,944,,Lonicera
51874,1072552,15,,,1613,,Lonicera
1072552,1072574,13,,,1849,,Lonicera
1072574,82342,10,369,6,369,0.004576516,Lonicera maackii
1072552,1072577,13,,,1630,,Nintooa
1072577,77835,10,132,6,132,0.00268796,Lonicera japonica
48527,345608,27,,,624,,Dipsacoideae
345608,53030,20,,,1494,,Dipsacus
53030,56002,10,69,6,69,0.0071173636,Dipsacus fullonum
48526,781703,30,,,1597,,Viburnaceae
781703,52689,20,,,1299,,Sambucus
52689,57824,10,231,6,231,0.018160874,Sambucus racemosa
52689,84300,10,463,6,463,0.004790252,Sambucus canadensis
52689,765394,10,282,6,282,0.0018311249,Sambucus nigra
781703,54774,20,,,1312,,Viburnum
54774,55969,10,37,6,37,0.008509266,Viburnum opulus
47124,48700,40,,,1042,,Apiales
48700,48699,30,,,1352,,Apiaceae
48699,790553,27,,,1614,,Apioideae
790553,790559,25,,,1469,,Careae
790559,51742,20,,,1902,,Aegopodium
51742,51741,10,368,6,368,0.0052671093,Aegopodium podagraria
790553,790591,25,,,808,,Scandiceae
790591,1043615,24,,,1388,,Scandicinae
1043615,52847,20,,,1590,,Anthriscus
52847,124544,10,119,6,119,0.00017047765,Anthriscus sylvestris
790591,1043617,24,,,756,,Daucinae
1043617,56727,20,,,510,,Daucus
56727,76610,10,257,6,257,0.01344168,Daucus carota
790553,790594,25,,,1917,,Tordylieae
790594,53095,20,,,828,,Heracleum
53095,53094,10,170,6,170,0.016760971,Heracleum maximum
48700,52849,30,,,1497,,Araliaceae
52849,525719,27,,,1010,,Aralioideae
525719,55883,20,,,576,,Hedera
55883,55882,10,287,6,287,0.004331827,Hedera helix
47124,48808,40,,,1107,,Laurales
48808,48809,30,,,1238,,Lauraceae
48809,54796,20,,,573,,Sassafras
54796,54795,10,11,6,11,0.08582856,Sassafras albidum
47124,50898,40,,,1098,,Magnoliales
50898,53581,30,,,1401,,Magnoliaceae
53581,1529504,27,,,1001,,Liriodendroideae
1529504,53580,20,,,662,,Liriodendron
53580,53582,10,385,6,385,0.008705359,Liriodendron tulipifera
47124,51820,40,,,1301,,Malpighiales
51820,47567,30,,,750,,Salicaceae
47567,47566,20,,,1693,,Populus
47566,1430522,13,,,783,,Populus
1430522,54840,10,358,6,358,0.023923827,Populus tremuloides
51820,50828,30,,,968,,Violaceae
50828,50829,20,,,1763,,Viola
50829,743180,15,,,907,,Viola
743180,976784,13,,,1286,,Nosphinium
976784,1392230,12,,,1740,,Borealiamericanae
1392230,82816,10,181,6,181,0.010742837,Viola sororia
51820,51821,30,,,1487,,Euphorbiaceae
51821,1244596,27,,,1179,,Acalyphoideae
1244596,1405233,25,,,1380,,Ricineae
1405233,56740,20,,,1433,,Ricinus
56740,56739,10,269,6,269,0.0025626302,Ricinus communis
51820,71412,30,,,700,,Hypericaceae
71412,858902,25,,,1085,,Hypericeae
858902,52761,20,,,739,,Hypericum
52761,1503792,13,,,1004,,Hypericum
1503792,1526590,12,,,995,,Hypericum
1526590,1570073,11,,,905,,Hypericum perforatum
1570073,56077,10,345,6,345,0.0051703006,Hypericum perforatum
47124,64516,40,,,1844,,Proteales
64516,49663,30,,,1664,,Platanaceae
49663,49664,20,,,985,,Platanus
49664,49662,10,106,6,106,0.0009675164,Platanus occidentalis
47124,68220,40,,,1331,,Zygophyllales
68220,68207,30,,,1972,,Zygophyllaceae
68207,783666,27,,,1148,,Larreoideae
783666,68199,20,,,1732,,Larrea
68199,68205,10,255,6,255,0.078705154,Larrea tridentata
47124,70233,40,,,852,,Oxalidales
70233,47759,30,,,653,,Oxalidaceae
47759,47758,20,,,1658,,Oxalis
47758,864989,15,,,1920,,Oxalis
864989,865017,13,,,1750,,Corniculatae
865017,53168,10,159,6,159,0.00047149474,Oxalis corniculata
47124,71272,40,,,1104,,Aquifoliales
71272,53855,30,,,1545,,Aquifoliaceae
53855,53854,20,,,1170,,Ilex
53854,53856,10,223,6,223,0.0049530077,Ilex aquifolium
53854,60749,10,261,6,261,0.027673895,Ilex opaca
47124,71275,40,,,523,,Brassicales
71275,47204,30,,,1914,,Brassicaceae
47204,1473853,27,,,1684,,Brassicoideae
1473853,1473856,26,,,1065,,Brassicodae
1473856,902660,25,,,773,,Thlaspideae
902660,56062,20,,,1092,,Alliaria
56062,56061,10,473,6,473,0.01807467,Alliaria petiolata
1473853,1473859,26,,,1124,,Camelinodae
1473859,902567,25,,,1505,,Cardamineae
902567,49652,20,,,903,,Cardamine
49652,55829,10,187,6,187,0.0037088913,Cardamine hirsuta
902567,52977,20,,,1379,,Barbarea
52977,56126,10,72,6,72,0.0024288048,Barbarea vulgaris
1473859,1473861,25,,,601,,Camelineae
1473861,52979,20,,,1373,,Capsella
52979,56121,10,31,6,31,0.0007965546,Capsella bursa-pastoris
1473853,1473873,26,,,1539,,Hesperodae
1473873,903187,25,,,963,,Hesperideae
903187,47698,20,,,813,,Hesperis
47698,47697,10,217,6,217,0.009230688,Hesperis matronalis
47124,71289,40,,,726,,Saxifragales
71289,71434,30,,,1516,,Altingiaceae
71434,49661,20,,,1180,,Liquidambar
49661,49658,10,456,6,456,0.0053173276,Liquidambar styraciflua
47124,71291,40,,,1804,,Vitales
71291,50279,30,,,1788,,Vitaceae
50279,50280,20,,,1403,,Parthenocissus
50280,50278,10,273,6,273,0.0009926835,Parthenocissus quinquefolia
47124,523723,40,,,1748,,Boraginales
523723,48150,30,,,1982,,Boraginaceae
48150,795681,27,,,1101,,Boraginoideae
795681,795687,25,,,1333,,Lithospermeae
795687,56175,20,,,1097,,Echium
56175,56174,10,111,6,111,0.024211181,Echium vulgare
47125,47163,50,,,1417,,Liliopsida
47163,47162,40,,,1206,,Poales
47162,47434,30,,,1970,,Poaceae
47434,514989,27,,,1440,,Pooideae
514989,552962,25,,,812,,Poeae
552962,1138137,24,,,554,,Dactylidinae
1138137,52721,20,,,1255,,Dactylis
52721,52720,10,176,6,176,0.014630422,Dactylis glomerata
47434,773413,27,,,1785,,Arundinoideae
773413,773415,25,,,1651,,Molinieae
773415,64276,20,,,1396,,Phragmites
64276,64237,10,334,6,334,0.011436526,Phragmites australis
47162,48694,30,,,1246,,Typhaceae
48694,48686,20,,,711,,Typha
48686,48685,10,204,6,204,0.0002224594,Typha latifolia
47163,47218,40,,,1708,,Asparagales
47218,47217,30,,,1235,,Orchidaceae
47217,211065,27,,,678,,Cypripedioideae
211065,47589,20,,,1939,,Cypripedium
47589,904149,13,,,550,,Acaulia
904149,47588,10,317,6,317,0.050062485,Cypripedium acaule
47217,738346,27,,,1607,,Epidendroideae
738346,790406,25,,,1962,,Neottieae
790406,790407,24,,,856,,Limodorinae
790407,50716,20,,,1843,,Epipactis
50716,1153255,13,,,528,,Epipactis
1153255,1153261,12,,,881,,Epipactis
1153261,50717,10,116,6,116,0.006286357,Epipactis helleborine
47218,47599,30,,,839,,Asparagaceae
47599,508722,27,,,1475,,Nolinoideae
508722,1415174,25,,,805,,Polygonateae
1415174,50249,20,,,1438,,Maianthemum
50249,51062,10,325,6,325,0.019206744,Maianthemum racemosum
50249,1367044,13,,,850,,Maianthemum
1367044,67748,10,17,6,17,0.025924923,Maianthemum canadense
508722,1415176,25,,,1414,,Convallarieae
1415176,48210,20,,,1018,,Convallaria
48210,48206,10,194,6,194,0.0041915122,Convallaria majalis
47218,47781,30,,,1520,,Iridaceae
47781,790617,27,,,1584,,Iridoideae
790617,790633,25,,,1263,,Irideae
790633,47780,20,,,1751,,Iris
47780,1184311,15,,,1249,,Limniris
1184311,1351803,13,,,1224,,Limniris
1351803,1557187,12,,,1282,,Laevigatae
1557187,47779,10,38,6,38,0.006884876,Iris pseudacorus
47163,47329,40,,,1215,,Liliales
47329,47328,30,,,1392,,Liliaceae
47328,859160,27,,,1239,,Lilioideae
859160,859161,25,,,1596,,Lilieae
859161,48241,20,,,519,,Erythronium
48241,48240,10,71,6,71,0.010815317,Erythronium americanum
47329,49464,30,,,791,,Melanthiaceae
49464,858333,25,,,603,,Parideae
858333,49465,20,,,1956,,Trillium
49465,1413207,15,,,977,,Callipetalon
1413207,55402,10,165,6,165,0.03112001,Trillium grandiflorum
47163,48073,40,,,1029,,Alismatales
48073,48536,30,,,553,,Araceae
48536,467650,27,,,650,,Aroideae
467650,937792,25,,,1080,,Arisaemateae
937792,50311,20,,,1603,,Arisaema
50311,1441600,11,,,1166,,Arisaema triphyllum
1441600,50310,10,301,6,301,0.034396265,Arisaema triphyllum
48536,706195,27,,,1199,,Orontioideae
706195,48533,20,,,1470,,Symplocarpus
48533,48961,10,130,6,130,0.021180026,Symplocarpus foetidus
211194,121943,50,,,1695,,Polypodiopsida
121943,764793,47,,,674,,Equisetidae
764793,47748,40,,,1579,,Equisetales
47748,47747,30,,,1482,,Equisetaceae
47747,47746,20,,,724,,Equisetum
47746,1423802,15,,,1551,,Equisetum
1423802,52724,10,466,6,466,0.014272882,Equisetum arvense
121943,764796,47,,,1850,,Polypodiidae
764796,47754,40,,,527,,Polypodiales
47754,961001,37,,,1968,,Polypodiineae
961001,47753,30,,,980,,Dryopteridaceae
47753,870758,27,,,1488,,Dryopteridoideae
870758,47752,20,,,1350,,Polystichum
47752,47751,10,364,6,364,0.028046738,Polystichum munitum
47752,54412,10,56,6,56,0.043116428,Polystichum acrostichoides
47754,1224539,37,,,1954,,Dennstaedtiineae
1224539,52682,30,,,1221,,Dennstaedtiaceae
52682,52683,20,,,1680,,Pteridium
52683,52681,10,98,6,98,0.017266428,Pteridium aquilinum
47754,1224540,37,,,918,,Aspleniinae
1224540,64686,30,,,1205,,Onocleaceae
64686,82577,20,,,1685,,Onoclea
82577,82576,10,355,6,355,0.034095995,Onoclea sensibilis
211194,136329,50,,,627,,Pinopsida
136329,47375,40,,,556,,Pinales
47375,47374,30,,,1002,,Cupressaceae
47374,1150915,27,,,592,,Cupressoideae
1150915,47574,20,,,593,,Juniperus
47574,701533,13,,,1543,,Sabina
701533,49399,10,347,6,347,0.019558422,Juniperus virginiana
47574,701535,13,,,707,,Juniperus
701535,58725,10,460,6,460,0.011848152,Juniperus communis
47375,47562,30,,,515,,Pinaceae
47562,1456299,27,,,846,,Abietoideae
1456299,48255,20,,,1434,,Tsuga
48255,48734,10,210,6,210,0.03499974,Tsuga canadensis
47562,1456301,27,,,1114,,Pinoideae
1456301,47561,20,,,938,,Pinus
47561,790730,15,,,1121,,Strobus
790730,790765,13,,,1971,,Quinquefoliae
790765,52391,10,380,6,380,0.018788882,Pinus strobus
47561,790732,15,,,1026,,Pinus
790732,790771,13,,,910,,Pinus
790771,58722,10,43,6,43,0.0068130763,Pinus sylvestris
1456301,48257,20,,,1823,,Pseudotsuga
48257,48256,10,440,6,440,0.008433839,Pseudotsuga menziesii
1456301,63573,20,,,1896,,Picea
63573,63567,10,370,6,370,0.0033070617,Picea abies
,47170,70,,,740,,Fungi
47170,47169,60,,,1498,,Basidiomycota
47169,492000,57,,,1809,,Agaricomycotina
492000,50814,50,,,1859,,Agaricomycetes
50814,47380,40,,,1115,,Polyporales
47380,47379,30,,,922,,Polyporaceae
47379,47378,20,,,1031,,Trametes
47378,1153556,11,,,1795,,Trametes versicolor
1153556,54134,10,68,3,68,0.000365597,Trametes versicolor
47379,48475,20,,,590,,Ganoderma
48475,559675,15,,,1879,,Elfvingia
559675,1129535,11,,,634,,Ganoderma applanatum
1129535,48473,10,85,3,85,0.00029059884,Ganoderma applanatum
47379,127511,20,,,745,,Fomes
127511,127510,10,5,3,5,0.00009743618,Fomes fomentarius
47379,895268,20,,,1700,,Cerioporus
895268,940028,10,479,3,479,0.0029063688,Cerioporus squamosus
47380,55974,30,,,559,,Fomitopsidaceae
55974,118056,20,,,1815,,Fomitopsis
118056,775410,10,291,3,291,0.013472307,Fomitopsis betulina
47380,895657,30,,,1706,,Laetiporaceae
895657,48431,20,,,858,,Laetiporus
48431,53713,10,411,3,411,0.005868428,Laetiporus sulphureus
50814,48341,40,,,577,,Russulales
48341,55502,30,,,1548,,Stereaceae
55502,55503,20,,,1193,,Stereum
55503,55501,10,343,3,343,7.2795075e-8,Stereum hirsutum
50814,57519,40,,,1319,,Hymenochaetales
57519,57518,30,,,1984,,Hymenochaetaceae
57518,118119,20,,,1774,,Trichaptum
118119,125705,10,304,3,304,0.0023173112,Trichaptum biforme
50814,1094814,47,,,1081,,Agaricomycetidae
1094814,47167,40,,,802,,Agaricales
47167,785516,37,,,1669,,Marasmiineae
785516,55931,30,,,782,,Physalacriaceae
55931,55930,20,,,1965,,Armillaria
55930,55950,10,16,3,16,0.000006680467,Armillaria mellea
47167,785517,37,,,1233,,Agaricineae
785517,47394,30,,,1186,,Agaricaceae
47394,56536,20,,,1696,,Chlorophyllum
56536,1413390,13,,,1256,,Chlorophyllum
1413390,117308,10,296,3,296,0.0051038796,Chlorophyllum molybdites
785517,48445,30,,,1593,,Lycoperdaceae
48445,48444,20,,,1964,,Lycoperdon
48444,48443,10,228,3,228,0.00016283031,Lycoperdon perlatum
48445,972792,20,,,1565,,Apioperdon
972792,972793,10,321,3,321,0.00019471602,Apioperdon pyriforme
785517,48768,30,,,1473,,Strophariaceae
48768,48769,20,,,541,,Hypholoma
48769,48767,10,308,3,308,0.000026671481,Hypholoma fasciculare
785517,56310,30,,,1151,,Psathyrellaceae
56310,56315,20,,,1062,,Coprinellus
56315,947427,13,,,749,,Micacei
947427,56318,10,279,3,279,0.0003104104,Coprinellus micaceus
785517,516951,30,,,632,,Coprinaceae
516951,47393,20,,,884,,Coprinus
47393,47392,10,23,3,23,0.0015680874,Coprinus comatus
47167,785522,37,,,1385,,Pluteineae
785522,118249,30,,,1176,,Amanitaceae
118249,1149497,25,,,1451,,Amaniteae
1149497,48419,20,,,1175,,Amanita
48419,1142599,15,,,1023,,Amanita
1142599,954920,13,,,1941,,Amanita
954920,1155969,12,,,984,,Amanita
1155969,48715,10,53,3,53,0.01452383,Amanita muscaria
47167,905658,37,,,1722,,Schizophyllineae
905658,54574,30,,,1364,,Schizophyllaceae
54574,54575,20,,,1646,,Schizophyllum
54575,54573,10,212,3,212,0.0037722527,Schizophyllum commune
492000,83737,50,,,1848,,Tremellomycetes
83737,48530,40,,,702,,Tremellales
48530,48531,30,,,1588,,Tremellaceae
48531,48532,20,,,738,,Tremella
48532,48529,10,248,3,248,0.00076646585,Tremella mesenterica
47170,48250,60,,,1782,,Ascomycota
48250,372740,57,,,1315,,Pezizomycotina
372740,54743,50,,,1072,,Lecanoromycetes
54743,952186,47,,,1229,,Lecanoromycetidae
952186,48327,40,,,1724,,Lecanorales
48327,54321,30,,,623,,Parmeliaceae
54321,1094690,27,,,1015,,Parmelioideae
1094690,54735,20,,,1637,,Parmelia
54735,54734,10,322,3,322,0.00082226214,Parmelia sulcata
1094690,117951,20,,,1697,,Flavoparmelia
117951,117943,10,113,3,113,7.320861e-7,Flavoparmelia caperata
952186,54755,40,,,659,,Teloschistales
54755,54756,30,,,1983,,Teloschistaceae
54756,1232042,27,,,1524,,Xanthorioideae
1232042,54757,20,,,908,,Xanthoria
54757,55576,10,39,3,39,0.0014468499,Xanthoria parietina
,47686,70,,,1656,,Protozoa
47686,47685,60,,,1653,,Mycetozoa
47685,47684,50,,,1698,,Myxomycetes
47684,1443220,47,,,879,,Columellomycetidae
1443220,1443223,43,,,1854,,Stemonitidia
1443223,55484,40,,,939,,Physarales
55484,55485,30,,,970,,Physaraceae
55485,55486,20,,,1061,,Fuligo
55486,55483,10,485,13,485,0.000034931527,Fuligo septica
,48222,70,,,635,,Chromista
48222,48221,60,,,1480,,Ochrophyta
48221,48220,50,,,1374,,Phaeophyceae
48220,1267990,47,,,989,,Fucophycidae
1267990,48219,40,,,986,,Fucales
48219,48218,30,,,1461,,Fucaceae
48218,48217,20,,,1390,,Fucus
48217,69155,10,285,12,285,0.0076882658,Fucus distichus
1267990,68789,40,,,1465,,Laminariales
68789,67425,30,,,1860,,Laminariaceae
67425,124749,20,,,890,,Macrocystis
124749,124748,10,331,12,331,0.019466197,Macrocystis pyrifera
,67333,70,,,1448,,Bacteria
67333,67334,60,,,612,,Cyanobacteria
67334,196963,50,,,1546,,Cyanophyceae
196963,1513634,47,,,1454,,Nostocophycidae
1513634,67336,40,,,928,,Nostocales
67336,67337,30,,,575,,Nostocaceae
67337,67332,20,,,1575,,Nostoc
67332,319815,10,168,10,168,0.00036878683,Nostoc commune